lat,lng,radio,cells
5.36064,100.46405,LTE,3
6.30523,99.725,UMTS,1
5.42254,100.31315,UMTS,1
6.17638,116.22299,LTE,1
3.82029,103.31539,LTE,1
3.65295,101.01929,LTE,1
3.11985,101.61725,GSM,3
6.24398,99.85384,UMTS,1
3.47951,101.92859,LTE,1
5.21898,100.44478,UMTS,1
2.92384,101.70601,LTE,1
5.3727,103.10687,GSM,2
4.87184,115.4098,UMTS,1
1.52367,103.62511,GSM,1
5.16838,100.50499,UMTS,4
6.03162,102.12865,UMTS,1
5.37437,100.57915,UMTS,1
2.1461,102.42104,LTE,1
3.10994,101.64491,UMTS,13
2.95497,101.79104,UMTS,1
1.87523,102.94121,UMTS,1
5.42815,100.63826,LTE,1
5.62539,100.4919,UMTS,1
2.43965,103.82698,UMTS,1
5.48105,100.45041,UMTS,1
2.82898,101.79382,GSM,1
4.19197,100.69176,UMTS,1
4.57802,101.12284,UMTS,7
3.50125,102.51761,UMTS,1
3.21709,101.72598,UMTS,3
1.52092,103.79434,LTE,2
1.85111,102.95004,LTE,3
3.37555,101.56242,UMTS,1
5.70259,100.97122,UMTS,1
5.92781,116.06506,LTE,1
3.59596,101.06667,GSM,2
3.13557,101.60225,LTE,1
3.41436,101.58138,GSM,1
2.80495,101.69014,UMTS,1
2.25169,102.31238,GSM,1
5.32475,116.12049,GSM,1
2.99706,101.6789,LTE,2
5.41966,100.31554,GSM,1
4.65477,101.101,UMTS,1
1.93071,103.18922,UMTS,1
2.47981,101.85434,LTE,1
2.19272,102.24431,UMTS,1
3.04521,101.68597,UMTS,7
5.39772,100.42122,LTE,3
5.34098,100.29495,UMTS,2
4.10912,101.28227,UMTS,1
1.66003,103.58418,LTE,2
3.02673,101.74164,UMTS,1
1.81092,103.30608,LTE,2
1.52367,110.3968,UMTS,1
3.04812,101.43812,LTE,2
5.35783,100.32374,UMTS,5
2.22959,102.27982,UMTS,1
1.49,103.73718,GSM,3
5.70396,100.52284,GSM,1
3.41592,101.58933,UMTS,2
3.18054,113.04678,GSM,1
2.30277,111.89597,UMTS,1
2.82104,101.69477,LTE,1
2.97711,101.78717,UMTS,2
6.14342,100.3838,LTE,1
1.46461,103.88603,UMTS,1
3.84891,103.36457,LTE,2
5.8564,102.51961,UMTS,1
5.32467,115.21195,UMTS,1
3.79805,103.31762,UMTS,1
2.91344,101.65203,GSM,1
1.57585,104.09958,GSM,1
5.58861,117.84691,GSM,1
2.82692,102.31773,UMTS,7
3.03181,101.41967,UMTS,1
3.77164,103.23784,UMTS,1
5.914,116.11354,LTE,1
3.91751,101.85994,GSM,1
6.13363,102.216,UMTS,1
4.48365,118.61727,UMTS,1
4.3446,113.99567,UMTS,1
3.24989,101.4695,LTE,1
6.14543,100.33588,UMTS,1
2.78467,101.46418,UMTS,1
2.47677,102.10948,UMTS,1
2.9901,101.59496,UMTS,2
1.48659,103.86543,UMTS,3
3.41217,101.79005,UMTS,2
2.99791,101.40101,LTE,3
1.56761,103.60176,LTE,1
2.95462,101.65781,UMTS,1
2.69096,101.97098,UMTS,1
3.20351,101.70547,UMTS,1
3.08702,101.55458,UMTS,2
1.56684,103.61001,UMTS,2
2.27486,102.82036,LTE,1
2.75376,101.70319,LTE,1
3.1263,101.58165,UMTS,1
5.40802,100.57846,UMTS,1
2.5684,102.70764,GSM,1
2.77519,101.69011,UMTS,1
1.98161,102.87436,UMTS,1
3.00106,101.4747,LTE,2
1.45634,103.90524,LTE,4
3.06717,101.5159,LTE,4
4.56426,101.08377,LTE,2
2.9609,101.73228,GSM,1
3.64265,103.12111,GSM,2
4.29748,101.16169,UMTS,1
2.47477,102.01424,GSM,1
3.56506,102.65213,UMTS,1
4.23635,100.62196,UMTS,1
6.16951,100.37041,UMTS,1
3.11113,101.67055,LTE,1
1.48384,103.85033,UMTS,6
3.07823,101.6748,LTE,2
3.25281,101.72523,UMTS,2
2.9749,101.40406,LTE,1
3.43838,102.01286,GSM,1
5.45092,101.15979,UMTS,1
4.60509,101.09981,GSM,3
1.62437,103.67413,UMTS,1
1.51543,110.91728,UMTS,1
2.27049,102.2445,UMTS,1
4.71554,103.41465,UMTS,1
2.39296,112.13539,GSM,1
5.42403,100.54038,GSM,1
2.99789,101.70044,UMTS,1
3.26796,102.47354,LTE,1
3.23093,101.65437,LTE,2
2.22699,102.2703,LTE,1
5.17772,103.18095,UMTS,1
1.12744,110.22086,GSM,1
5.74421,102.44641,LTE,1
2.50476,102.8151,UMTS,1
4.8733,100.73075,UMTS,1
2.50673,102.08386,UMTS,1
6.46854,100.49469,GSM,1
3.08405,101.67302,UMTS,5
1.52804,103.68202,UMTS,1
5.42793,100.46864,UMTS,1
5.95984,116.07138,UMTS,1
3.87543,113.89101,UMTS,1
3.14413,101.42987,UMTS,1
6.4047,99.84668,UMTS,1
3.8951,103.36457,LTE,1
4.4735,101.04469,UMTS,1
4.33553,101.1139,UMTS,1
2.31126,102.39195,UMTS,2
3.10172,101.70509,UMTS,6
5.83181,102.54272,LTE,1
5.41832,100.46516,UMTS,1
3.09883,101.44981,UMTS,1
5.32353,103.1513,UMTS,2
4.24782,117.89583,LTE,2
3.53495,102.07707,UMTS,1
4.54765,101.02959,UMTS,1
2.2617,102.21035,UMTS,1
5.47792,100.27235,GSM,1
2.8537,101.73202,GSM,1
2.27803,102.25782,LTE,2
3.72093,103.14445,UMTS,3
3.04253,101.56929,UMTS,1
1.71622,103.63313,UMTS,1
3.92917,102.37077,GSM,1
3.2391,101.71827,UMTS,1
5.37388,100.32618,UMTS,1
3.11087,103.09242,UMTS,1
1.46873,110.1757,UMTS,1
2.07848,102.59789,UMTS,1
1.63353,103.62785,UMTS,1
4.21416,100.61876,UMTS,2
2.96425,101.78627,UMTS,2
3.02042,101.45682,UMTS,1
3.78548,103.23235,LTE,1
2.10182,112.15338,GSM,1
1.47976,103.63196,UMTS,6
4.45015,114.00204,GSM,2
5.44309,100.42961,UMTS,4
2.92292,101.78089,LTE,2
6.09193,116.18297,GSM,1
6.00746,116.10695,LTE,1
3.19633,101.59126,GSM,3
6.36924,99.86578,LTE,1
2.77061,102.27379,LTE,1
5.52263,100.44597,UMTS,1
1.61157,103.66386,LTE,2
3.20661,101.56476,UMTS,1
5.28511,115.24315,UMTS,1
6.34136,100.26069,GSM,1
5.34961,115.7414,UMTS,1
3.03601,101.3813,LTE,1
5.27458,100.37086,UMTS,1
5.06165,100.59712,LTE,1
3.32817,101.5226,UMTS,2
5.35378,100.31548,UMTS,2
5.04179,100.52027,UMTS,1
2.15481,102.57989,UMTS,1
2.36798,102.20695,UMTS,2
3.10427,101.71015,GSM,3
3.90273,103.34687,GSM,1
3.19084,101.5377,UMTS,2
6.11599,102.24359,UMTS,3
3.17822,101.75613,LTE,5
5.75516,100.5059,LTE,1
4.22007,103.33237,UMTS,1
4.52843,101.05431,UMTS,1
3.06244,101.65581,UMTS,1
5.20509,115.20388,UMTS,1
4.46892,118.58757,UMTS,1
3.20598,101.60196,UMTS,1
1.49895,103.91487,UMTS,1
6.16676,116.22505,UMTS,1
3.05798,101.68705,UMTS,2
6.3533,99.80356,UMTS,1
3.08922,101.65443,LTE,2
3.24371,101.35849,UMTS,1
3.21974,101.71076,LTE,2
4.35024,114.01234,LTE,1
5.88936,117.94995,UMTS,2
4.827,101.96245,UMTS,1
3.06464,101.525,UMTS,1
6.09641,102.30171,UMTS,1
2.70196,101.97413,LTE,2
3.12299,101.59406,GSM,6
3.49022,101.91673,LTE,1
1.45088,110.45654,UMTS,1
3.10158,101.68739,UMTS,4
3.00534,101.61191,UMTS,12
1.67659,103.52911,LTE,1
3.26392,102.44673,LTE,2
2.62917,103.6718,UMTS,1
5.92629,116.10143,LTE,2
5.74811,102.629,UMTS,1
3.14697,101.54728,UMTS,3
5.52081,100.38721,GSM,1
4.84999,100.741,LTE,3
3.02798,101.53823,UMTS,1
5.32791,100.29496,UMTS,8
1.51817,103.72536,UMTS,2
6.01021,116.51482,UMTS,1
3.52364,102.17812,UMTS,1
2.13615,111.66161,UMTS,1
5.03278,118.36577,LTE,1
5.66826,100.50499,UMTS,1
6.22222,100.44129,UMTS,1
4.57107,101.05431,UMTS,5
5.71728,100.52226,UMTS,1
5.69391,117.54268,GSM,1
6.03905,116.13762,UMTS,1
3.72544,102.93473,GSM,1
1.42616,103.61481,LTE,1
2.78297,101.39694,UMTS,1
2.71706,101.96846,GSM,1
2.06442,111.94531,GSM,1
3.06182,101.50331,UMTS,12
2.82692,101.76292,UMTS,1
4.40486,114.0043,GSM,2
4.52705,101.12572,LTE,1
3.00311,101.58773,UMTS,1
1.59777,103.71979,UMTS,2
1.50817,103.81891,UMTS,1
3.96812,102.42897,UMTS,1
6.03397,116.12692,UMTS,7
4.1855,100.67808,GSM,1
4.77287,100.91698,UMTS,1
5.43119,100.38092,UMTS,1
2.9464,101.63917,LTE,2
5.29358,115.20897,UMTS,1
6.04179,100.3759,UMTS,2
6.33293,100.42122,UMTS,1
2.98775,101.80962,LTE,3
2.64625,101.91573,UMTS,1
2.39571,102.2216,UMTS,2
1.86905,103.37174,LTE,1
4.03317,101.97639,UMTS,2
5.35085,103.0537,GSM,2
4.33431,101.23721,LTE,1
5.62843,100.52147,UMTS,1
3.05578,101.74391,UMTS,4
3.09209,101.52622,LTE,1
5.96643,102.21063,LTE,1
1.49414,103.81015,UMTS,2
4.05602,100.86617,UMTS,1
2.69656,102.00006,UMTS,1
1.54014,110.36518,UMTS,4
1.57604,110.30573,UMTS,1
3.09196,101.46011,UMTS,1
2.65648,101.9974,UMTS,1
5.66084,100.49332,UMTS,1
4.10271,103.38341,UMTS,1
3.43666,101.54488,UMTS,1
1.53204,103.76404,UMTS,7
3.07274,103.07854,UMTS,1
2.43279,103.83247,UMTS,1
6.04514,102.14193,UMTS,1
2.80323,101.7685,UMTS,1
2.60388,101.78736,UMTS,1
3.07961,101.44981,UMTS,1
2.91234,101.39944,LTE,1
1.53478,103.6649,LTE,13
5.15877,100.99388,UMTS,1
6.25328,100.43701,LTE,1
2.27481,102.21603,GSM,6
3.10179,101.61186,LTE,7
5.41799,101.12228,UMTS,1
2.25558,102.24546,GSM,1
5.37285,100.29781,UMTS,3
3.19073,101.59213,UMTS,1
3.428,101.18316,UMTS,1
3.17162,101.5757,UMTS,1
2.20904,102.39893,LTE,1
5.05466,100.6217,GSM,1
3.05763,101.73958,UMTS,1
2.24562,102.28699,GSM,2
5.12263,100.42468,UMTS,1
3.07137,101.75331,LTE,1
1.54195,103.6823,UMTS,2
3.1336,101.60841,LTE,1
1.65854,103.60876,UMTS,1
2.19315,102.61299,UMTS,1
3.07624,101.56402,LTE,1
1.55968,103.79766,LTE,1
3.9846,102.41524,GSM,2
3.62294,113.6929,UMTS,1
4.13635,100.89179,GSM,1
3.10584,101.73904,UMTS,1
2.59026,102.49214,GSM,1
3.07409,101.7396,UMTS,5
3.24631,101.56593,UMTS,1
5.6765,116.93504,UMTS,1
3.01906,102.25872,UMTS,1
4.93904,102.19551,UMTS,1
6.47072,100.49583,GSM,1
1.63807,103.62396,UMTS,1
5.76132,102.56405,UMTS,1
3.25195,101.65416,LTE,2
1.52474,110.34319,UMTS,4
3.23801,101.67803,LTE,4
3.05006,101.62778,UMTS,2
1.50106,103.69288,LTE,1
2.71912,101.95175,UMTS,1
1.63765,103.61824,UMTS,1
5.74595,100.50742,LTE,1
3.85397,103.32629,UMTS,1
1.51936,110.3316,UMTS,1
5.73165,115.91786,UMTS,1
3.10982,101.68465,UMTS,3
5.858,100.45593,GSM,3
4.02609,102.05785,UMTS,1
4.6079,103.44389,LTE,2
4.55452,101.09276,LTE,1
5.4733,100.48808,UMTS,1
6.11639,102.1188,GSM,1
5.16294,100.51128,UMTS,2
2.40257,103.80226,UMTS,1
2.80277,101.7678,UMTS,3
2.76787,101.74232,UMTS,1
2.67448,101.99226,UMTS,1
3.18814,101.55867,GSM,1
3.16205,101.71368,UMTS,1
4.2284,103.37902,UMTS,1
2.36174,102.18005,LTE,2
2.06337,102.61093,UMTS,1
3.5575,103.38079,UMTS,1
4.85623,103.18866,UMTS,1
3.27032,101.51984,UMTS,1
2.85536,101.94209,UMTS,1
2.94259,101.84652,LTE,1
3.20572,101.49958,UMTS,1
3.81874,103.27019,UMTS,1
3.31169,103.11699,GSM,1
1.51131,103.71849,UMTS,1
2.93678,101.64894,UMTS,1
1.5786,104.19365,LTE,2
4.20433,101.27815,UMTS,2
1.52023,103.6306,GSM,1
4.821,100.70894,LTE,1
2.74217,101.7487,UMTS,1
1.73766,103.43565,UMTS,1
2.73295,101.68229,GSM,1
5.86265,116.04535,GSM,1
1.60567,110.32814,LTE,2
3.18269,101.66189,GSM,3
3.28423,101.56792,LTE,3
6.14431,100.34576,LTE,1
2.8933,101.81602,UMTS,1
1.49345,103.82698,UMTS,3
3.02073,101.71775,UMTS,10
6.06449,116.15882,UMTS,1
1.47972,103.70911,UMTS,2
2.21809,102.19688,UMTS,1
3.06873,101.77385,UMTS,4
3.21216,101.709,UMTS,4
3.39808,101.55476,LTE,2
3.09547,101.66187,UMTS,1
1.76674,103.35091,GSM,1
6.30493,99.73427,UMTS,2
3.0527,101.50981,LTE,1
3.0831,101.72125,UMTS,4
3.53348,102.39684,GSM,1
3.31015,101.28234,UMTS,1
3.15793,101.7178,UMTS,20
2.96893,101.60982,UMTS,3
1.12953,110.52452,UMTS,1
1.87575,103.14072,UMTS,1
4.2318,101.97441,LTE,1
6.12431,100.36203,UMTS,2
2.25404,102.2343,UMTS,2
5.34137,100.28116,UMTS,6
1.8615,103.10463,UMTS,1
2.88357,101.79983,GSM,1
6.35353,99.7744,LTE,1
1.48104,103.68413,UMTS,8
2.97986,101.59964,GSM,2
2.98597,101.55364,LTE,1
1.53726,103.64997,UMTS,1
3.38997,101.83571,UMTS,1
2.47314,102.80254,GSM,1
6.04206,102.1335,UMTS,1
2.35657,102.10968,UMTS,1
3.17084,101.61792,UMTS,2
5.9928,116.11267,UMTS,6
6.03905,116.71486,GSM,1
3.20595,101.6201,LTE,1
1.58382,103.86671,LTE,1
6.33037,116.44466,GSM,1
3.265,101.6819,UMTS,3
3.0645,101.47316,UMTS,4
3.21419,101.7219,LTE,4
4.95085,102.0588,UMTS,1
5.74104,102.47292,UMTS,1
3.49434,102.23534,UMTS,2
3.1002,101.58165,GSM,1
3.09824,101.67854,UMTS,1
5.95281,102.30926,UMTS,1
1.58832,103.8526,GSM,1
3.81706,103.35732,UMTS,1
5.50809,115.81414,LTE,1
5.02898,118.33573,LTE,1
4.60121,101.05843,UMTS,1
2.97111,101.71415,LTE,4
3.17595,101.71902,LTE,3
3.26669,113.085,UMTS,1
5.59135,100.48302,GSM,1
5.82754,102.25011,UMTS,1
1.83723,103.96872,UMTS,1
3.0645,101.44768,UMTS,1
1.4629,103.58231,LTE,1
3.67987,101.39352,UMTS,2
5.01203,100.54091,UMTS,2
3.57948,101.89236,GSM,1
2.95588,101.69932,UMTS,1
6.0569,102.40013,UMTS,3
2.99721,101.43745,LTE,6
5.39255,100.37169,UMTS,1
3.79919,103.24983,UMTS,2
4.1851,101.97304,UMTS,1
3.99257,101.31688,UMTS,1
5.91115,116.10501,LTE,4
2.96363,101.75748,LTE,1
3.06134,101.45119,LTE,1
2.44198,101.86011,UMTS,2
5.96015,102.2117,UMTS,1
4.27868,117.88627,UMTS,1
2.9892,101.62962,LTE,2
3.76467,103.22263,GSM,1
1.55937,110.33089,UMTS,1
3.0439,102.36992,GSM,1
1.55058,110.32624,UMTS,1
6.11431,102.28341,UMTS,1
2.80088,101.79619,UMTS,1
2.85164,101.7382,UMTS,1
1.46256,103.74046,UMTS,1
4.9608,102.08591,UMTS,1
3.05988,101.75718,LTE,3
3.07284,101.68316,UMTS,5
1.49302,103.69846,LTE,2
5.41602,100.32302,LTE,3
2.81044,101.49513,GSM,1
4.67094,101.0749,LTE,9
6.12195,102.30107,GSM,1
4.67952,101.04975,UMTS,1
3.0521,101.70403,LTE,6
2.19212,102.2398,GSM,1
4.78111,100.81398,UMTS,1
5.40367,103.07876,UMTS,1
3.80635,103.30376,UMTS,1
1.4756,103.77205,GSM,1
2.58385,102.6693,GSM,2
5.30708,103.1115,LTE,1
2.81654,101.76231,LTE,1
1.62959,110.34363,UMTS,1
2.19658,102.26555,UMTS,1
5.18327,103.0965,UMTS,1
2.27217,102.28374,LTE,2
5.41425,103.08602,LTE,1
2.25494,102.15706,LTE,1
3.08222,101.75415,UMTS,3
3.06149,101.66092,UMTS,1
3.00705,101.77687,LTE,8
2.99766,101.59813,UMTS,1
3.03343,101.67094,UMTS,2
3.05015,101.62001,LTE,2
4.22493,100.70549,LTE,1
5.02826,118.2888,UMTS,2
6.33183,99.74697,GSM,3
2.10224,112.15105,LTE,1
5.36261,115.21522,UMTS,1
3.82324,103.29163,UMTS,2
3.13728,113.0555,GSM,2
2.19952,102.67128,UMTS,1
5.08685,115.55977,UMTS,1
2.79801,103.48391,UMTS,2
2.49458,102.87804,GSM,1
1.90269,103.21587,GSM,1
5.79664,102.56584,LTE,1
5.44579,100.30449,UMTS,1
1.50289,103.6993,LTE,1
1.47018,110.32984,UMTS,3
3.04405,101.51312,UMTS,5
4.44188,118.04224,UMTS,1
1.56692,103.7748,UMTS,1
3.23945,101.66359,UMTS,1
5.36888,115.23491,UMTS,1
5.3524,102.89114,UMTS,1
1.78734,102.97142,UMTS,1
5.877,100.51186,UMTS,1
4.66632,101.16032,LTE,1
4.32677,103.43864,UMTS,2
6.43747,100.27067,GSM,1
2.0153,111.48857,UMTS,1
6.09747,102.24036,UMTS,1
3.05161,101.53094,UMTS,1
1.86287,102.95219,UMTS,2
2.99882,101.50003,UMTS,1
5.91064,100.46825,GSM,1
2.42271,102.1917,GSM,1
3.17188,101.70222,LTE,4
3.1525,101.73807,LTE,1
3.00428,101.43669,LTE,1
2.96562,101.52946,GSM,2
5.91408,102.18864,UMTS,1
2.6921,101.98656,UMTS,1
2.351,102.11503,LTE,1
2.98493,101.50454,UMTS,1
4.74315,103.41308,LTE,3
6.45103,99.81834,UMTS,1
5.28814,100.22235,UMTS,2
5.95047,102.19103,GSM,1
3.17574,101.76704,LTE,1
3.19199,101.61987,UMTS,2
3.10537,101.70492,UMTS,1
1.55184,110.37213,UMTS,3
5.308,100.4409,LTE,1
1.54913,110.33397,LTE,3
1.52386,103.93043,UMTS,1
3.08985,101.37946,UMTS,2
5.77679,102.40238,UMTS,1
5.60893,100.51304,UMTS,3
6.58974,100.23445,GSM,1
2.23024,102.23015,UMTS,1
3.00877,101.79373,GSM,1
5.43389,101.91038,UMTS,1
5.41798,100.31513,UMTS,2
5.83741,102.41427,UMTS,1
3.09929,101.62148,UMTS,2
4.53198,101.05911,GSM,1
2.80326,101.68776,GSM,1
1.53291,110.32317,LTE,1
2.89834,101.86133,UMTS,1
2.91618,101.73494,GSM,1
2.59529,102.65648,UMTS,1
3.06041,101.55589,LTE,3
5.40396,103.09084,LTE,3
4.2881,100.74394,GSM,1
4.67674,103.32985,GSM,1
3.7841,101.44432,UMTS,3
3.08853,101.3887,GSM,1
4.22722,100.70292,UMTS,1
2.78709,101.70799,UMTS,1
2.12105,102.57454,UMTS,3
4.36065,101.22206,UMTS,1
3.19092,101.66084,UMTS,2
3.0233,101.33858,UMTS,1
3.64952,101.52901,GSM,2
3.31444,101.27678,GSM,4
4.52587,101.12305,UMTS,3
4.40953,117.77478,GSM,1
5.36421,100.43037,LTE,1
5.22107,100.47672,GSM,2
3.23891,101.4814,UMTS,1
6.10102,102.26872,LTE,1
3.2856,101.44157,UMTS,1
5.12277,100.48224,GSM,1
4.41582,117.77824,UMTS,1
3.67813,101.39678,UMTS,1
2.28228,102.24235,UMTS,1
4.23592,100.67665,LTE,1
2.1235,102.74993,GSM,1
2.03778,102.6235,UMTS,1
2.35313,102.11105,GSM,1
1.53499,103.81089,LTE,2
1.77073,103.60376,UMTS,1
4.2849,100.62149,GSM,1
3.14999,101.6151,LTE,10
5.60432,100.53528,UMTS,1
4.00513,101.01699,UMTS,2
4.18179,100.93723,UMTS,1
5.6736,116.36803,UMTS,1
4.53967,103.44577,UMTS,1
2.43828,102.18796,UMTS,1
1.47115,103.73677,LTE,2
2.8997,112.33177,GSM,1
1.86471,102.95946,LTE,1
3.29276,101.36651,UMTS,1
2.34755,102.21069,UMTS,1
2.39433,102.20238,UMTS,1
4.10133,101.78078,GSM,1
4.61082,101.05293,UMTS,1
3.114,101.58436,GSM,5
5.30983,100.46654,LTE,1
3.02147,101.37337,GSM,1
3.06192,101.70326,UMTS,3
5.65312,115.89408,UMTS,2
2.59948,101.97636,UMTS,1
6.4827,100.41506,UMTS,1
4.18922,101.9648,GSM,1
3.0781,101.76117,LTE,2
2.38897,103.02642,UMTS,1
3.86467,101.39029,UMTS,1
5.54152,100.43881,GSM,1
3.18117,101.67224,LTE,15
2.92442,101.74507,UMTS,1
1.78734,103.06755,GSM,1
2.81207,101.73707,LTE,1
6.36864,99.67278,UMTS,1
2.21169,102.29713,UMTS,2
5.30044,115.25362,UMTS,1
2.91756,101.53084,LTE,1
2.96686,101.66194,UMTS,1
2.96839,101.642,UMTS,2
2.94429,101.71693,UMTS,3
1.46622,103.89863,LTE,1
3.27034,101.54871,UMTS,1
3.14705,101.5339,LTE,3
4.23724,103.42309,UMTS,1
5.3644,100.44685,UMTS,1
3.19047,102.4689,UMTS,1
5.34609,100.48065,GSM,1
5.30708,102.28065,GSM,1
3.79747,101.86282,LTE,1
2.82417,101.44981,UMTS,4
5.95186,116.08888,UMTS,2
4.39807,101.05551,GSM,1
1.76852,102.97944,UMTS,1
4.29178,101.162,UMTS,1
2.53853,101.85493,UMTS,2
5.4201,100.31107,LTE,3
6.08986,100.36079,LTE,1
5.27275,102.26418,GSM,1
2.44318,101.86711,UMTS,1
2.73984,101.92166,UMTS,1
4.41098,101.12919,UMTS,1
2.80685,101.48943,UMTS,1
1.5731,103.79265,LTE,1
2.64271,102.47427,UMTS,1
1.37701,110.37154,UMTS,1
5.76508,102.21817,UMTS,1
2.74467,101.76608,GSM,1
3.00984,101.67668,UMTS,1
2.51518,102.08153,UMTS,2
2.93105,101.70775,UMTS,3
4.48365,101.95723,UMTS,1
3.68067,100.98454,UMTS,1
1.2385,110.69269,UMTS,1
3.49138,103.39555,UMTS,1
2.00728,103.32664,LTE,1
6.22406,100.46346,GSM,1
3.01653,101.73721,UMTS,1
4.61682,103.21093,UMTS,2
6.35765,99.77715,UMTS,1
6.30752,99.84462,UMTS,1
5.28332,118.03129,LTE,1
3.0729,101.59519,UMTS,14
1.47423,103.76793,LTE,2
3.23204,101.54732,LTE,1
2.6936,103.59024,UMTS,1
3.94546,102.38777,GSM,1
2.3025,111.89533,UMTS,1
2.35725,102.25731,UMTS,1
1.62682,103.82335,UMTS,1
2.81319,101.50749,LTE,1
5.15087,100.47203,LTE,2
2.91795,101.86793,UMTS,2
3.13179,101.64619,LTE,1
2.23053,102.18071,UMTS,1
1.42605,103.62499,LTE,3
1.53412,110.32708,UMTS,1
2.01329,103.33137,UMTS,1
1.50032,103.82698,LTE,2
6.07134,116.15385,LTE,3
6.11955,102.21888,UMTS,1
3.10426,101.62279,UMTS,8
3.00529,101.78506,LTE,11
3.34328,102.06116,GSM,1
2.09547,102.62102,UMTS,1
3.06311,101.57413,GSM,5
1.53495,103.79509,UMTS,5
5.76299,102.27497,LTE,4
3.36937,101.38252,UMTS,1
3.09742,101.71782,LTE,7
3.01379,101.76603,UMTS,3
3.18575,101.66688,UMTS,2
2.02217,103.29861,UMTS,1
3.20877,101.52156,GSM,1
5.99504,116.10907,UMTS,1
2.98278,101.60575,UMTS,2
1.55251,103.61961,UMTS,1
3.12126,101.75326,UMTS,2
2.89091,101.46029,GSM,3
3.08716,101.56448,UMTS,1
3.83698,103.16162,LTE,1
6.44689,100.17955,UMTS,1
5.11694,100.77303,LTE,2
2.26366,102.2917,UMTS,1
4.82437,100.86542,UMTS,1
1.64671,103.52346,GSM,1
3.11222,101.70311,UMTS,2
1.65138,103.72948,UMTS,1
3.15239,101.68327,LTE,1
3.06045,101.4132,LTE,1
2.54265,102.22847,GSM,1
3.52975,103.44765,UMTS,1
5.07088,115.55901,GSM,1
1.68159,110.18394,GSM,2
2.77815,101.81562,UMTS,1
6.1415,102.21957,UMTS,1
5.56801,102.76955,UMTS,1
3.14938,113.07534,UMTS,1
6.381,116.41319,UMTS,1
3.26656,101.53895,GSM,1
3.65169,101.54817,LTE,1
5.46584,100.42117,UMTS,2
3.04984,101.55397,UMTS,1
2.9821,102.06642,GSM,1
6.11046,116.41045,GSM,1
5.82992,102.5563,UMTS,1
2.12502,102.79058,GSM,1
1.78697,103.9431,UMTS,1
3.25129,101.65991,LTE,3
1.47984,103.94913,LTE,2
6.14342,100.36709,LTE,2
2.41631,102.19374,GSM,1
2.98507,101.81789,UMTS,2
6.2173,102.11402,UMTS,2
4.54898,101.09464,LTE,1
2.2177,102.28095,UMTS,1
3.0851,101.63658,LTE,1
5.34279,100.28938,GSM,1
5.50587,100.44096,LTE,2
2.83791,101.98952,GSM,1
2.02904,102.59514,LTE,1
4.83879,100.96642,UMTS,1
3.81136,103.329,UMTS,1
6.15215,102.30157,UMTS,1
1.56684,110.38222,LTE,1
6.10802,116.20608,LTE,4
4.3334,103.3046,UMTS,1
5.94287,116.10132,UMTS,1
3.07732,101.52626,GSM,1
2.5502,102.76733,LTE,1
1.74614,103.70888,UMTS,1
3.22998,101.68602,UMTS,1
3.11869,101.65949,UMTS,1
1.93611,103.36098,GSM,1
4.66716,101.08678,LTE,1
2.53983,102.05483,UMTS,1
3.4037,101.57101,UMTS,2
2.99605,101.60068,GSM,1
5.36993,103.1175,GSM,1
1.49483,103.72869,LTE,1
2.76512,101.72997,LTE,4
2.89749,112.09093,UMTS,1
3.17315,101.67721,UMTS,1
1.28334,104.10988,GSM,1
4.86312,100.7348,UMTS,1
3.18535,101.7231,UMTS,1
4.10751,101.11526,GSM,1
1.61156,103.77205,UMTS,1
5.3524,100.45692,UMTS,1
5.24625,103.10995,UMTS,1
2.76032,101.91811,GSM,1
2.99171,101.7643,LTE,2
1.42773,103.62884,UMTS,3
2.68136,101.99505,UMTS,1
5.25078,103.13347,UMTS,2
2.95604,101.74999,GSM,2
3.23891,101.71349,LTE,1
2.78814,101.48286,UMTS,3
3.6684,102.85202,UMTS,1
4.90956,100.72525,UMTS,1
1.54858,103.73058,LTE,1
6.64101,100.22482,UMTS,1
3.36548,101.53377,UMTS,1
3.51952,102.24541,GSM,1
3.00147,101.65146,UMTS,1
2.74688,101.68388,UMTS,1
3.01073,101.7543,UMTS,2
3.7909,101.85623,UMTS,7
4.75787,103.41309,UMTS,1
5.69124,100.52046,GSM,1
1.55388,103.79299,LTE,2
3.10701,101.63933,UMTS,17
1.59444,103.63448,UMTS,1
3.83766,101.42097,UMTS,1
3.39684,101.88789,UMTS,2
5.38231,100.29984,UMTS,3
3.7841,101.43333,GSM,1
5.15327,100.46516,UMTS,1
3.51083,103.39422,UMTS,5
2.99598,101.72179,UMTS,2
1.47697,103.81462,GSM,1
1.47835,103.91212,UMTS,1
3.11508,101.66116,GSM,19
1.49116,103.83488,UMTS,1
3.23584,101.64425,LTE,2
6.31897,99.84864,UMTS,1
4.48586,103.2859,UMTS,1
2.9203,101.82884,GSM,1
3.98735,101.01997,GSM,1
6.32057,100.20012,UMTS,1
2.93531,101.6613,UMTS,9
2.21581,102.2422,UMTS,2
2.04474,102.57475,UMTS,1
5.91271,116.13448,UMTS,1
6.12286,100.38808,UMTS,1
2.13341,102.74895,UMTS,1
4.3952,113.98928,UMTS,5
1.63078,103.97186,GSM,1
1.63078,103.61137,LTE,1
3.06432,101.65005,UMTS,3
4.61861,101.11839,UMTS,1
3.16475,101.6819,LTE,3
6.05234,100.37663,LTE,1
4.44188,103.39104,UMTS,1
2.02853,103.8651,UMTS,1
5.33592,103.1369,LTE,1
3.07027,101.75523,UMTS,1
2.8668,101.6408,LTE,3
1.65276,103.62785,UMTS,2
6.12419,100.37727,GSM,1
3.02742,101.37772,UMTS,1
5.33868,100.42817,UMTS,2
2.80151,101.67778,GSM,1
1.68846,103.57155,UMTS,5
2.03906,102.62303,UMTS,2
1.4581,103.75619,LTE,2
3.10711,101.70224,UMTS,8
5.57947,102.20035,UMTS,1
5.4662,100.30616,LTE,1
5.26992,100.47509,UMTS,3
3.04106,101.42997,UMTS,3
3.2325,101.42418,UMTS,1
3.25722,101.52096,UMTS,2
2.36129,102.78201,GSM,2
2.06842,102.54452,LTE,1
3.02758,101.54456,UMTS,1
3.18947,101.6613,LTE,1
3.03081,101.53097,UMTS,2
3.00407,102.52647,GSM,1
3.00133,101.6407,UMTS,4
5.52931,102.95763,UMTS,2
5.92784,116.06582,LTE,4
1.51217,103.888,UMTS,1
4.32243,103.36555,GSM,1
4.2193,100.67107,LTE,3
3.19698,101.62402,GSM,3
3.19313,101.72356,LTE,1
2.87704,101.44123,UMTS,1
4.62199,101.06662,UMTS,2
2.75816,101.72618,UMTS,3
3.10012,101.73383,LTE,3
2.99092,101.65296,LTE,2
3.66943,101.33742,GSM,1
3.17294,101.67393,UMTS,17
3.12511,101.77267,GSM,3
2.05806,103.34302,UMTS,1
2.59007,102.03534,LTE,1
4.37187,118.12431,GSM,1
5.53642,115.94902,GSM,1
2.22954,102.29713,GSM,1
3.07183,101.53721,UMTS,3
5.84541,116.0424,UMTS,1
3.90416,102.45096,UMTS,1
2.37228,102.09262,UMTS,2
4.41487,101.38493,LTE,1
3.31203,101.88318,UMTS,1
3.02468,101.54972,UMTS,1
2.81083,101.49695,GSM,4
3.18682,101.59502,LTE,2
1.54253,103.79878,LTE,1
6.43412,100.43686,UMTS,2
6.58112,100.26859,UMTS,1
5.89048,116.05373,LTE,1
3.19805,101.65031,LTE,2
6.2748,100.22575,GSM,1
2.95896,101.74012,UMTS,1
1.58548,103.86368,LTE,1
2.89421,112.08733,LTE,2
1.53328,103.78029,UMTS,1
2.28583,102.8171,LTE,1
2.69895,101.93215,UMTS,2
6.30121,99.72502,GSM,4
6.15732,100.40612,UMTS,1
5.66665,100.50904,UMTS,1
3.19785,101.62932,LTE,3
5.42656,100.66292,GSM,1
1.1745,110.56644,UMTS,1
1.57036,103.81187,UMTS,2
2.23428,102.26777,UMTS,1
6.30272,100.23857,UMTS,1
2.55841,101.81778,UMTS,1
2.6958,101.98453,UMTS,1
2.982,101.34808,UMTS,2
3.01369,101.5995,UMTS,1
2.89258,112.09993,UMTS,1
5.41695,115.67299,GSM,1
3.04682,101.47179,UMTS,4
1.41518,103.65669,UMTS,2
5.42605,100.54289,UMTS,2
1.55937,104.114,GSM,2
1.38359,103.54271,UMTS,3
2.7198,102.2271,UMTS,1
3.61931,113.43864,GSM,1
3.25676,102.20238,GSM,1
2.08923,102.91395,GSM,2
3.00866,101.58799,GSM,2
1.53249,103.69821,LTE,1
2.83791,101.78764,UMTS,1
5.34851,100.49411,GSM,1
3.18578,113.05182,UMTS,1
4.41719,101.38939,UMTS,1
4.59759,101.11602,UMTS,1
2.66001,103.62092,UMTS,4
3.71883,101.5211,UMTS,1
2.95059,101.85994,UMTS,1
2.73268,101.94042,LTE,1
1.63858,103.62181,LTE,1
3.8668,103.36585,LTE,1
2.90245,102.69264,GSM,1
5.61272,101.88116,UMTS,1
5.40016,100.3262,UMTS,7
4.48796,101.38331,UMTS,1
5.9756,116.58719,GSM,1
1.17686,110.5629,UMTS,1
5.44676,100.55225,UMTS,1
3.11996,101.76602,UMTS,2
3.17052,101.61955,UMTS,1
3.25081,101.64332,UMTS,1
5.34573,100.52124,LTE,2
5.44064,100.52731,UMTS,1
4.74282,115.0041,UMTS,1
2.95189,101.49651,UMTS,1
3.06284,101.48495,LTE,6
1.64786,103.60522,UMTS,1
5.39914,100.29658,UMTS,1
3.30139,101.50474,UMTS,1
3.03394,101.51985,UMTS,2
2.74714,102.22875,UMTS,1
3.53032,102.32652,GSM,1
4.47212,101.04332,UMTS,1
6.11746,116.37415,GSM,1
5.2674,103.05006,UMTS,1
3.15391,101.77752,GSM,1
3.4272,101.16363,UMTS,1
5.27783,103.07475,GSM,1
2.98496,101.4499,UMTS,4
3.50688,102.37382,UMTS,2
2.961,101.79112,UMTS,2
1.75163,103.38753,UMTS,2
6.15917,102.19704,GSM,1
1.53325,103.7831,LTE,6
1.501,103.8767,UMTS,2
1.49208,110.2375,LTE,1
4.50425,101.03313,UMTS,1
5.30002,103.11925,UMTS,1
1.68414,103.52199,GSM,2
5.23599,100.47323,GSM,2
1.45638,110.4174,GSM,1
2.95022,101.75422,UMTS,1
1.47972,110.41466,UMTS,2
2.91756,101.71211,GSM,1
3.00129,101.55006,LTE,4
6.08627,102.23861,UMTS,4
5.33033,100.27712,GSM,6
3.27049,101.51573,UMTS,6
4.4268,103.25981,UMTS,1
1.55609,103.92594,LTE,1
5.85228,116.10283,UMTS,2
4.5699,101.10979,UMTS,1
6.21927,100.46675,UMTS,2
4.38332,100.69954,UMTS,1
2.70865,101.46772,UMTS,1
2.17898,102.63788,UMTS,2
1.53053,110.37621,UMTS,4
2.93409,101.70937,UMTS,6
3.09793,101.56336,UMTS,1
5.66655,100.49779,UMTS,1
1.52801,103.79964,LTE,2
1.51817,110.36247,UMTS,3
1.7388,103.89741,UMTS,2
6.07947,102.39236,UMTS,1
3.20457,101.70799,UMTS,5
4.20021,100.68901,UMTS,2
1.5011,103.88686,LTE,3
2.79619,103.48077,LTE,1
5.40194,100.21548,UMTS,1
3.08232,101.40507,LTE,1
2.8997,101.75606,UMTS,1
4.29626,117.88014,UMTS,1
5.25764,100.34706,LTE,1
2.74057,101.98608,UMTS,1
3.10916,101.68581,UMTS,1
3.10876,101.83167,UMTS,1
5.42381,100.4789,UMTS,1
5.54604,100.43324,GSM,1
5.97903,116.07202,UMTS,10
1.47345,103.75867,LTE,1
2.83928,112.77809,UMTS,1
5.18666,103.20992,UMTS,1
2.69646,102.51274,UMTS,1
1.50564,103.63516,LTE,1
5.42184,100.42843,GSM,1
5.39,100.31216,LTE,4
1.9178,103.02498,GSM,1
1.66776,103.49294,GSM,5
3.13491,101.69288,UMTS,8
3.0819,101.52206,GSM,3
3.55614,101.63658,UMTS,1
3.24589,101.66212,LTE,1
2.61749,101.98471,UMTS,1
1.49923,103.38365,GSM,1
1.84364,103.71574,UMTS,1
1.48933,103.74458,UMTS,1
5.36917,100.56812,UMTS,2
2.9042,102.82237,UMTS,1
5.34142,100.46448,GSM,1
6.08962,102.13955,GSM,1
5.5601,102.21777,UMTS,1
1.4432,110.37763,UMTS,1
4.46801,101.16401,GSM,3
4.19204,103.43215,UMTS,2
3.05477,101.45496,LTE,2
3.13865,101.69975,UMTS,20
3.06084,101.57706,UMTS,2
1.84717,102.93729,UMTS,1
3.26476,113.07264,LTE,1
2.06889,102.60509,UMTS,2
6.35524,99.77123,LTE,1
4.68314,101.11697,LTE,1
3.42911,103.1012,UMTS,1
6.41808,100.27565,UMTS,1
3.04997,101.70682,LTE,5
5.85365,102.22572,UMTS,2
2.94777,112.24663,UMTS,1
3.38036,101.87141,UMTS,2
2.21329,102.41387,UMTS,1
2.99721,101.4045,UMTS,1
3.09384,101.48471,LTE,1
2.71103,101.92095,LTE,3
6.278,100.23033,UMTS,1
5.85805,100.42149,GSM,1
6.10176,102.21153,GSM,1
3.13797,101.66422,UMTS,1
1.50581,103.77571,UMTS,1
3.21713,101.7074,UMTS,1
4.61694,101.12479,UMTS,1
2.27252,102.5553,UMTS,1
4.25927,117.92712,UMTS,1
2.82932,101.45084,UMTS,1
1.93428,111.18919,GSM,3
5.38512,100.31691,UMTS,4
2.2199,102.22659,UMTS,1
3.0674,101.40967,UMTS,1
4.47564,101.01655,LTE,1
3.11738,101.68392,GSM,6
2.96897,101.74642,LTE,1
1.62979,104.04189,UMTS,2
1.58782,103.49403,UMTS,1
6.36106,99.71804,LTE,1
5.65477,100.70015,UMTS,1
3.16666,101.60813,GSM,4
3.07201,101.64218,UMTS,3
3.04422,101.796,UMTS,1
2.87733,101.66643,LTE,2
3.10279,101.63631,UMTS,1
3.10822,101.59685,LTE,5
1.52916,103.67455,UMTS,2
2.20139,102.25662,UMTS,1
6.11101,100.47047,UMTS,1
2.96899,101.52564,LTE,1
2.42357,101.8604,UMTS,1
4.15941,101.29222,UMTS,1
1.85738,103.35457,GSM,1
5.43898,100.30802,LTE,3
2.97662,101.65026,UMTS,3
3.06522,101.7276,UMTS,1
2.97198,101.76894,UMTS,2
3.14692,101.6998,UMTS,40
3.30402,103.07831,UMTS,1
6.07613,102.24632,UMTS,1
4.62044,101.14082,UMTS,1
4.57924,101.08177,LTE,1
1.59233,110.32951,UMTS,1
3.15057,113.08208,UMTS,1
2.71749,101.98161,UMTS,1
3.47923,101.63933,UMTS,2
3.08647,101.51298,LTE,1
5.27,100.47203,UMTS,1
2.00877,102.9688,UMTS,1
4.18098,100.69382,UMTS,1
3.1378,101.63107,UMTS,2
3.18507,101.65471,UMTS,1
3.18192,101.45273,LTE,2
3.99172,103.347,GSM,1
2.65002,102.41593,UMTS,1
5.37388,100.44692,GSM,1
3.08205,101.67308,LTE,2
1.44067,110.34068,UMTS,1
5.72951,102.21278,UMTS,1
4.38592,103.46028,UMTS,1
3.04057,101.43572,LTE,1
6.14582,100.40518,UMTS,1
4.81702,100.8859,UMTS,1
5.33043,100.44731,UMTS,2
2.68135,101.97716,UMTS,1
5.86892,102.49614,UMTS,1
3.5479,101.51848,UMTS,1
5.89154,118.06032,UMTS,1
3.12897,101.6791,LTE,15
4.06756,101.80074,UMTS,1
1.93703,103.36143,UMTS,1
3.19786,101.6696,UMTS,25
6.3301,99.76677,GSM,1
5.44991,103.00301,UMTS,1
2.89043,101.49357,UMTS,1
5.71043,101.80653,UMTS,1
3.04115,101.44157,UMTS,3
1.36986,104.10439,UMTS,1
2.96373,101.65598,UMTS,2
3.70445,103.04283,UMTS,1
1.78193,103.91752,UMTS,1
3.46189,101.21233,UMTS,1
1.57722,103.7487,LTE,2
2.12242,111.5284,UMTS,1
3.04562,102.06686,UMTS,1
3.64265,102.65556,UMTS,1
2.72392,101.9751,UMTS,1
3.30601,101.55372,UMTS,1
1.4504,110.32522,UMTS,1
5.77126,102.23396,GSM,1
3.24406,101.72447,LTE,2
3.10431,101.40861,UMTS,1
5.42381,100.31822,GSM,2
2.93908,101.75331,LTE,3
2.32018,102.46056,UMTS,1
3.31832,101.74194,UMTS,1
2.26524,102.5457,UMTS,1
5.94309,116.07693,LTE,3
3.17162,101.5995,GSM,5
1.75909,103.36542,GSM,1
2.039,102.65556,LTE,1
3.30391,101.29188,LTE,1
2.78962,102.21385,UMTS,1
1.24783,110.71227,GSM,1
3.31051,101.58052,GSM,1
4.77348,100.73461,GSM,1
5.59333,100.46681,UMTS,1
3.1514,101.77615,LTE,1
5.39094,100.30732,LTE,2
4.52737,101.07689,UMTS,1
1.55594,110.39749,UMTS,1
3.84179,103.32493,LTE,2
3.06026,101.74505,UMTS,4
4.32968,114.00979,UMTS,1
5.74242,116.83479,UMTS,1
1.74736,103.89317,UMTS,1
2.463,102.34383,GSM,2
2.91856,102.30697,GSM,1
1.91248,103.54563,UMTS,1
4.40305,113.99109,LTE,2
3.09196,101.49651,UMTS,4
2.70058,101.83022,UMTS,1
4.24878,100.55498,UMTS,2
2.55584,102.12613,GSM,1
4.3937,113.98563,UMTS,1
1.6429,103.62236,UMTS,2
1.56075,104.03023,UMTS,1
3.11616,101.66705,LTE,12
3.23471,101.66821,UMTS,2
3.02509,101.38332,UMTS,1
1.46435,103.77839,GSM,1
3.20384,101.72374,UMTS,3
3.01627,101.52935,UMTS,5
5.80278,102.4566,UMTS,1
1.51737,110.38556,UMTS,1
2.92028,101.75603,LTE,10
5.37607,100.40284,UMTS,11
4.22012,100.5661,UMTS,1
2.93558,101.86669,UMTS,1
3.18667,102.39883,LTE,1
6.31645,99.72084,UMTS,1
2.92305,101.76178,UMTS,2
1.49757,110.33226,UMTS,1
4.29041,100.75169,LTE,1
3.20311,101.66695,LTE,3
2.94571,101.82878,UMTS,1
1.57851,103.76374,UMTS,1
5.80833,102.23808,UMTS,1
3.09334,101.42738,UMTS,1
6.13285,100.66503,GSM,1
6.10359,100.43358,UMTS,2
3.83957,103.33505,LTE,1
4.65202,101.10512,UMTS,2
2.04886,102.60505,UMTS,2
3.52867,101.90575,UMTS,1
2.11281,111.52428,UMTS,1
3.19496,101.52397,UMTS,1
4.75365,115.01793,UMTS,1
2.2101,102.65195,UMTS,1
3.04802,101.61049,LTE,1
3.14149,101.76738,UMTS,1
5.23009,100.55211,UMTS,1
2.94434,101.37291,GSM,1
3.16044,101.59746,UMTS,1
1.06361,110.88707,UMTS,1
1.53465,103.61412,UMTS,3
3.14278,101.78215,LTE,1
4.64241,101.09276,UMTS,1
5.70671,100.52147,GSM,3
2.98937,101.76186,LTE,1
2.81301,101.49685,LTE,2
5.77836,102.20936,GSM,1
5.32906,100.28526,GSM,3
2.74003,101.96283,UMTS,2
3.04846,101.50766,UMTS,1
2.71912,102.25525,UMTS,1
3.12716,101.36514,LTE,1
3.18427,101.63781,UMTS,1
4.75365,101.1161,UMTS,2
4.32694,103.48351,UMTS,1
2.93953,101.69453,LTE,1
5.07744,118.27722,UMTS,1
3.81797,103.31509,LTE,4
5.96489,116.09871,GSM,1
2.38472,102.91786,UMTS,1
6.32195,100.41985,UMTS,1
3.18218,101.73896,GSM,2
2.61475,103.62892,UMTS,1
3.19647,113.05391,LTE,1
2.45476,101.91261,UMTS,1
2.91069,101.29738,LTE,1
3.06925,101.77931,LTE,3
4.41856,101.38664,UMTS,5
6.16208,102.29146,UMTS,1
3.08084,101.68307,UMTS,2
1.60185,103.80913,UMTS,1
3.08789,101.44407,UMTS,3
4.35961,100.88861,UMTS,1
1.68146,103.52272,GSM,1
5.78328,102.38296,UMTS,1
5.68231,100.93278,UMTS,1
2.69803,101.91022,UMTS,1
3.24999,101.56379,UMTS,10
1.50719,103.38066,UMTS,2
6.42326,100.29242,UMTS,1
3.15596,101.75623,UMTS,1
2.70836,101.92406,UMTS,1
1.46883,103.76989,UMTS,3
3.94223,102.36708,UMTS,1
5.30228,103.03202,UMTS,1
5.29713,103.11271,UMTS,3
3.56438,101.62422,UMTS,1
3.06483,101.55556,LTE,1
2.23984,111.97403,UMTS,1
5.49299,100.40782,LTE,1
5.40733,100.48714,UMTS,1
1.49785,103.6998,LTE,4
5.32298,115.24205,LTE,1
2.11006,102.80388,GSM,2
6.57463,116.85814,GSM,1
4.80171,100.68489,UMTS,2
6.32881,99.82658,UMTS,3
1.4703,103.86367,UMTS,1
2.94094,101.46457,UMTS,1
6.14651,102.23911,UMTS,1
3.40803,101.57347,LTE,1
3.18577,101.7376,GSM,1
1.9796,102.96455,UMTS,1
5.40115,100.36691,UMTS,4
2.59689,102.40013,GSM,1
6.28761,99.74693,UMTS,2
5.81383,118.06801,GSM,9
2.76375,101.7588,LTE,1
2.67012,101.96908,UMTS,7
4.7513,103.1964,GSM,1
4.25789,100.9156,GSM,1
1.47683,103.68305,LTE,2
2.79965,101.76284,UMTS,2
3.16887,101.52443,LTE,1
3.08301,101.55313,GSM,2
6.11997,102.26623,UMTS,1
6.96217,116.82716,UMTS,1
4.17961,103.41911,GSM,3
5.2755,115.24864,GSM,3
3.10339,101.48291,UMTS,2
4.76562,100.93103,UMTS,1
2.53873,102.80282,UMTS,2
2.97912,101.76718,GSM,3
4.02552,101.03056,UMTS,1
2.93953,101.70084,UMTS,2
3.9846,101.07628,UMTS,1
2.53608,102.82966,UMTS,1
2.72701,101.89702,LTE,1
3.08098,101.67503,UMTS,5
1.65019,103.54658,UMTS,1
5.43274,100.43266,UMTS,1
3.10893,101.74498,UMTS,4
5.3373,103.01427,GSM,1
3.12981,101.63497,LTE,1
5.80421,100.61485,GSM,1
3.25474,101.30586,UMTS,1
4.65476,101.15693,GSM,3
1.55383,110.33086,LTE,7
2.79225,101.64779,LTE,1
2.27495,102.16427,UMTS,1
2.28278,102.29707,UMTS,1
5.4003,100.36773,UMTS,3
6.46683,100.5043,GSM,1
6.04042,102.22572,UMTS,1
5.3896,100.32372,UMTS,1
2.9388,101.66697,UMTS,3
2.49663,101.84193,UMTS,1
1.48041,103.68553,LTE,1
3.11256,101.55281,UMTS,2
3.76606,103.21934,UMTS,1
2.78315,101.70006,LTE,1
3.0645,101.53221,LTE,1
2.19611,102.2508,GSM,4
5.91986,102.23781,UMTS,1
3.15901,101.6443,UMTS,1
5.90881,116.13724,UMTS,1
3.03201,101.56655,LTE,2
1.63078,103.63598,UMTS,8
3.40919,113.34389,UMTS,1
5.92197,116.06403,UMTS,2
3.02616,101.4529,UMTS,2
1.44363,103.64807,UMTS,1
2.9873,101.49594,GSM,2
5.22881,103.07991,UMTS,1
3.02153,101.72499,UMTS,1
3.93937,101.4161,UMTS,1
5.77582,101.87225,UMTS,1
4.66024,101.10605,UMTS,1
3.49834,101.92384,UMTS,1
5.45752,100.44691,GSM,1
3.13316,101.67812,GSM,1
5.3762,100.57439,LTE,1
5.87842,102.24012,UMTS,1
5.36888,100.40337,UMTS,1
5.74622,116.42696,GSM,1
3.15268,101.67926,LTE,2
5.89374,116.04609,UMTS,2
2.58738,102.09606,UMTS,1
2.85439,101.9442,UMTS,1
2.15573,103.0363,UMTS,1
1.64704,103.57623,LTE,2
3.11394,101.59963,UMTS,15
1.55312,110.37197,UMTS,1
6.16703,116.23312,UMTS,2
3.82098,103.35241,UMTS,1
2.40284,102.20793,UMTS,1
6.23543,100.43083,UMTS,1
2.98452,101.64861,GSM,1
4.43132,118.18893,GSM,1
2.91893,101.53267,UMTS,1
3.76472,103.26739,UMTS,1
5.85296,116.04447,UMTS,1
3.01094,101.51985,UMTS,1
1.56761,103.67592,UMTS,1
2.99721,101.83296,UMTS,1
5.81514,100.63286,GSM,2
1.52344,103.80964,UMTS,1
2.01096,103.30333,UMTS,1
3.13993,101.74368,UMTS,11
3.51527,102.36295,UMTS,1
3.18617,101.61581,UMTS,2
1.66924,103.60725,UMTS,2
3.44867,102.44262,UMTS,1
4.55177,101.17104,GSM,1
5.83995,102.38666,GSM,1
4.96279,103.14775,GSM,1
3.26399,102.58076,UMTS,1
3.07706,101.71096,LTE,12
3.19084,101.77254,UMTS,5
1.48846,103.63803,UMTS,1
2.13498,102.76366,UMTS,1
5.36064,100.4377,UMTS,2
5.88205,116.06173,LTE,1
3.30307,101.58685,UMTS,1
4.8131,101.09332,UMTS,1
1.55679,110.34497,LTE,5
2.78435,101.68053,UMTS,1
5.4394,100.31884,UMTS,1
1.59222,103.81373,LTE,1
3.63853,101.03233,GSM,1
3.02308,101.62714,LTE,5
4.64593,101.11074,UMTS,3
3.14209,101.7516,UMTS,1
5.23191,100.4931,GSM,3
4.65725,103.409,UMTS,1
3.09041,101.40888,UMTS,1
4.25055,117.89583,UMTS,1
2.11314,112.14988,GSM,1
3.23181,101.69975,LTE,1
2.9409,101.61804,UMTS,1
3.64841,101.88705,UMTS,1
4.77513,100.78132,UMTS,1
4.71519,101.11061,UMTS,1
5.88541,117.99254,GSM,1
6.22464,100.46728,LTE,1
3.57536,102.56493,UMTS,1
2.97112,101.81648,LTE,1
5.40004,100.2961,UMTS,4
5.52286,100.4377,LTE,2
1.48772,103.64089,LTE,1
4.61118,101.12904,UMTS,1
3.13476,101.782,LTE,4
3.11188,101.45531,LTE,1
3.25812,101.52808,UMTS,3
2.00808,103.3091,UMTS,2
4.2675,103.21724,UMTS,1
2.89375,101.79451,GSM,1
3.22113,101.69422,UMTS,10
2.98073,102.37129,GSM,1
3.81182,103.32589,LTE,6
4.33771,103.30513,UMTS,3
2.65268,103.62279,UMTS,1
2.153,102.57176,UMTS,1
2.9271,102.94884,UMTS,1
2.80195,101.75933,UMTS,1
2.39571,102.68028,LTE,1
3.27118,101.54778,LTE,1
1.46093,103.89935,LTE,1
3.07538,101.66678,GSM,7
2.68536,101.95218,GSM,11
3.09608,101.62144,LTE,5
4.64534,101.08043,LTE,1
5.96181,116.06924,UMTS,3
3.02826,101.75974,UMTS,1
2.95189,101.76842,UMTS,1
4.50007,114.01908,UMTS,1
2.75809,101.70106,GSM,5
2.83104,101.72722,UMTS,1
2.94365,102.24632,UMTS,1
5.99202,116.10302,UMTS,2
5.3936,100.46242,UMTS,1
3.21469,101.64096,LTE,3
4.34794,101.11267,UMTS,1
3.61474,102.39654,UMTS,1
2.69588,101.9664,GSM,1
2.74111,101.98515,UMTS,2
3.0748,101.50208,UMTS,1
6.02597,100.38126,UMTS,3
3.27324,101.63149,LTE,1
1.42479,103.62648,UMTS,1
6.59285,117.31042,UMTS,1
3.05077,101.51024,UMTS,1
6.48262,100.21523,LTE,1
2.51146,102.04903,GSM,1
1.61284,103.66238,LTE,1
3.14199,101.69697,UMTS,8
6.03493,102.15431,UMTS,1
3.10005,101.71214,UMTS,4
2.1087,112.15096,LTE,1
5.97588,100.36217,GSM,1
1.43028,103.65395,LTE,1
5.31025,103.11927,UMTS,1
3.10982,101.69975,UMTS,1
1.50507,103.61645,UMTS,1
2.26179,102.28288,UMTS,1
4.5593,114.02829,GSM,2
3.08286,101.74452,UMTS,1
3.06517,101.40538,UMTS,1
1.54839,103.76518,UMTS,2
2.96974,101.66302,UMTS,1
3.20197,101.57514,LTE,2
1.85158,103.01756,UMTS,1
1.51709,103.62568,LTE,1
2.52434,101.80435,LTE,1
3.08313,101.63389,UMTS,2
2.1802,102.58987,GSM,1
5.52681,100.38139,UMTS,1
3.09196,101.5995,UMTS,1
2.82692,101.81374,UMTS,1
2.73766,101.93871,UMTS,1
3.16713,101.71395,LTE,10
4.11267,100.78625,LTE,1
6.09503,102.24441,LTE,1
2.78984,102.29439,GSM,2
2.94507,101.72414,UMTS,5
3.19009,101.67519,UMTS,1
4.3911,113.97972,UMTS,1
2.71978,101.93935,UMTS,1
3.00538,101.46368,UMTS,3
1.67496,103.48389,UMTS,3
6.17881,100.35036,GSM,1
4.50731,101.1307,LTE,1
3.18188,101.51791,UMTS,4
3.71248,103.28651,UMTS,1
3.22321,101.64849,LTE,1
2.03911,103.3281,UMTS,2
2.94365,101.61049,UMTS,1
2.81113,101.78833,GSM,1
3.10415,101.58544,LTE,2
4.6339,101.10067,UMTS,2
3.20717,101.61476,UMTS,3
3.10986,101.67792,UMTS,8
3.15431,113.07445,UMTS,1
1.49208,103.66081,UMTS,2
6.42803,99.72771,UMTS,2
4.48484,101.07013,UMTS,2
5.34691,115.24452,GSM,1
2.68895,112.08865,GSM,1
5.80733,116.47816,UMTS,1
4.77905,103.40332,UMTS,1
2.04552,103.31612,UMTS,1
3.2228,101.71189,UMTS,2
3.16486,101.73526,UMTS,19
3.05383,101.78616,UMTS,9
1.48787,110.34288,UMTS,6
3.48335,102.51411,UMTS,1
3.99449,101.32567,UMTS,1
4.32027,101.24245,GSM,1
3.21186,101.59512,UMTS,1
6.3755,100.18364,LTE,1
1.8931,103.3981,UMTS,1
2.15675,102.42897,UMTS,2
5.45114,100.3827,LTE,3
1.92982,104.11008,UMTS,3
3.14272,101.3633,GSM,9
2.81386,101.50539,UMTS,3
5.27723,115.24846,UMTS,1
3.24901,101.69891,LTE,3
1.55995,110.34156,LTE,1
1.57123,110.34204,UMTS,2
3.18042,113.03711,LTE,2
4.62112,101.10874,GSM,2
2.03178,102.66518,GSM,1
2.8791,101.85768,UMTS,1
6.45654,100.17675,UMTS,1
2.73206,101.88707,UMTS,1
3.14994,101.53316,LTE,1
1.53191,103.79265,UMTS,1
3.35426,101.38252,UMTS,1
5.85471,118.05945,UMTS,1
3.25539,101.55968,LTE,3
3.08773,101.44695,LTE,3
3.7066,101.10988,LTE,1
3.02467,101.51848,UMTS,2
3.08968,101.52763,GSM,1
1.72197,103.93793,UMTS,1
2.40852,101.95885,GSM,1
3.21475,101.74107,LTE,7
1.83594,102.93927,UMTS,5
5.96351,116.07123,UMTS,3
1.90524,102.90797,UMTS,4
4.17949,114.31581,GSM,1
3.14978,101.71406,LTE,6
6.21955,100.41658,GSM,1
3.11114,101.59274,UMTS,20
5.33725,100.50264,UMTS,2
5.94892,116.08807,GSM,2
5.14783,103.23911,UMTS,2
3.04983,101.52205,UMTS,4
2.08854,103.47729,GSM,1
4.59376,101.09109,LTE,1
5.80064,102.58534,UMTS,1
5.87311,117.55932,GSM,1
1.53877,103.36693,UMTS,1
2.28466,102.13569,LTE,1
2.0518,103.3014,UMTS,2
3.18123,113.09395,GSM,1
3.13042,101.76842,UMTS,1
1.54564,110.53963,UMTS,1
3.52412,101.9062,UMTS,4
1.01955,110.35857,GSM,1
3.09066,101.6139,GSM,2
3.07735,101.5843,GSM,1
4.52705,103.38821,LTE,1
1.48311,103.77504,LTE,5
2.81335,101.72696,UMTS,1
2.94502,101.69563,LTE,1
3.21941,101.7262,LTE,1
3.51492,101.90165,UMTS,1
3.13866,101.76155,LTE,1
1.66256,103.85094,UMTS,1
5.69197,100.38287,LTE,1
2.93812,101.69377,UMTS,3
1.49432,103.75354,LTE,1
4.25301,100.67496,UMTS,1
5.62069,100.5306,UMTS,1
3.06302,101.7382,LTE,2
5.9491,116.04584,UMTS,1
2.95052,101.903,GSM,3
4.19514,100.67531,UMTS,1
2.9661,101.51355,LTE,1
2.70332,113.77922,UMTS,1
3.55528,103.38147,UMTS,1
3.20098,101.71913,UMTS,9
2.60618,101.68731,LTE,1
2.28859,102.23328,UMTS,1
2.04171,103.3259,UMTS,2
3.0578,101.48687,UMTS,2
1.53329,103.81322,UMTS,6
3.03978,101.63933,UMTS,1
6.19391,102.26391,UMTS,1
5.60783,102.19631,GSM,1
3.38997,101.78261,UMTS,1
5.50215,100.43281,LTE,1
5.37143,103.04478,LTE,1
3.01643,101.37428,UMTS,1
5.36888,100.55855,GSM,1
2.52205,103.82815,UMTS,1
4.1082,101.29326,GSM,1
6.30135,100.36766,UMTS,1
1.37398,104.24858,GSM,1
6.19234,116.18327,UMTS,1
4.45702,103.39165,UMTS,1
3.7223,101.11679,UMTS,1
1.57114,110.35031,GSM,1
5.35103,103.09364,UMTS,1
3.14687,101.7389,LTE,6
3.89403,101.37191,UMTS,3
2.27396,102.37329,UMTS,3
3.08098,101.58994,GSM,5
3.95027,103.36281,UMTS,1
1.45901,103.76786,LTE,5
3.06602,101.57776,UMTS,3
1.56487,110.5616,UMTS,1
1.49828,103.64754,UMTS,1
3.15211,101.62002,UMTS,6
5.4139,100.39633,UMTS,4
2.98399,101.45106,LTE,2
3.19016,101.54251,UMTS,1
2.83382,101.78791,UMTS,1
2.65938,102.97279,UMTS,1
5.91133,116.09734,GSM,2
2.2762,102.13548,UMTS,1
5.30022,100.26604,UMTS,1
3.08228,101.55411,UMTS,7
3.19611,101.60797,GSM,2
3.01613,101.75472,LTE,2
3.10585,101.46294,UMTS,3
3.14758,101.51504,UMTS,1
3.81106,103.30392,UMTS,2
6.39202,100.13633,UMTS,2
3.05534,101.52221,UMTS,1
1.58637,103.87136,UMTS,2
4.7548,100.94579,LTE,3
5.39464,100.41502,LTE,2
3.27187,101.69014,GSM,1
4.82643,101.04881,GSM,2
3.20402,101.69328,UMTS,1
3.09188,101.61887,LTE,5
3.41531,101.54658,UMTS,1
3.3007,101.38664,UMTS,1
6.06789,102.2422,GSM,1
2.15283,102.4217,UMTS,1
3.1162,101.71802,UMTS,2
3.00819,101.61461,UMTS,1
3.58196,102.77663,UMTS,3
2.02497,103.31962,UMTS,1
2.7098,101.83971,GSM,1
2.87636,102.01836,GSM,1
2.7356,101.97717,LTE,1
2.98784,101.81338,UMTS,1
3.15999,101.53604,LTE,4
4.91212,103.12499,UMTS,1
5.98181,102.15186,GSM,2
5.60679,100.48919,LTE,1
1.52808,104.26534,LTE,1
3.02742,101.48277,GSM,1
2.68866,101.9067,UMTS,1
2.29291,111.82379,UMTS,8
3.46976,102.03072,UMTS,1
5.31011,103.12793,UMTS,2
1.63847,103.285,UMTS,1
1.52367,103.74733,GSM,1
5.26671,103.15006,LTE,1
6.4222,99.78676,UMTS,2
5.08929,100.47527,GSM,1
3.07137,101.6613,UMTS,1
3.21544,101.73895,UMTS,1
4.16176,103.28178,UMTS,1
1.57288,103.77788,UMTS,1
1.89187,102.77536,UMTS,1
4.26439,100.67519,LTE,1
2.04559,102.64221,UMTS,1
2.80495,101.6993,GSM,1
1.86287,103.43889,UMTS,1
5.37437,103.09948,GSM,1
3.20058,101.69047,UMTS,1
5.29067,100.2403,UMTS,1
1.70194,110.35445,LTE,1
4.5393,101.12434,LTE,6
3.25163,101.67372,UMTS,1
3.7381,102.36443,UMTS,1
3.0357,101.55825,UMTS,11
6.16407,102.32247,UMTS,1
3.00819,101.4196,UMTS,1
4.86626,103.18291,GSM,1
2.39296,102.27379,UMTS,1
1.85225,103.08856,UMTS,1
2.42927,101.86191,UMTS,1
4.51691,101.41312,UMTS,1
4.53882,101.07667,UMTS,1
3.8036,103.30441,UMTS,1
3.01186,101.61097,UMTS,2
4.76738,100.88676,UMTS,2
5.45403,100.28664,UMTS,1
2.83069,104.13238,GSM,1
3.61671,101.52809,UMTS,3
5.26863,103.12248,UMTS,1
3.82401,103.32356,LTE,2
4.32724,113.97925,LTE,1
5.3528,103.13142,UMTS,1
3.54472,101.51891,LTE,2
6.37138,99.68308,LTE,1
4.68498,101.14082,LTE,1
3.32929,101.75742,UMTS,1
3.44786,101.89601,UMTS,3
3.09599,101.67238,LTE,2
4.41032,113.98796,UMTS,1
5.94405,116.08493,LTE,6
3.11202,101.46932,UMTS,1
2.0004,103.32166,UMTS,1
1.48259,103.71515,GSM,1
3.16739,101.66894,UMTS,2
3.7833,103.31913,UMTS,1
4.19793,101.25994,UMTS,2
3.18677,113.0448,LTE,1
3.07003,101.70233,UMTS,14
6.05553,102.21336,UMTS,1
1.56904,103.59908,LTE,2
2.28584,102.94121,GSM,1
1.68571,110.11391,UMTS,1
5.31715,100.28698,LTE,4
1.54607,103.62203,UMTS,6
5.34677,100.2749,LTE,5
5.29198,100.31136,UMTS,1
1.65654,103.58622,LTE,1
1.51185,110.3513,GSM,1
1.85878,103.0881,GSM,3
3.01704,101.7898,UMTS,1
5.62897,100.46523,UMTS,2
1.48521,103.95195,UMTS,1
2.77405,101.7643,UMTS,1
1.71867,103.65532,UMTS,1
2.20052,102.2983,UMTS,1
2.90982,101.53742,UMTS,1
1.48998,103.86606,LTE,1
3.57205,101.07666,UMTS,1
5.98,116.12755,UMTS,1
1.50169,103.65944,UMTS,1
5.98025,100.45878,UMTS,1
1.45866,103.93289,UMTS,1
4.83192,100.71785,LTE,1
4.22356,101.28777,UMTS,1
6.14411,100.33415,UMTS,1
3.84726,103.26602,UMTS,1
1.35475,103.58665,UMTS,2
3.15514,101.72859,UMTS,6
5.51304,100.42731,UMTS,1
5.94694,116.0891,LTE,16
5.27981,100.26744,UMTS,3
4.58473,101.41273,GSM,1
4.13429,101.14632,GSM,1
3.72639,103.06607,GSM,3
1.61568,103.71712,UMTS,2
5.59273,115.60889,LTE,1
3.10318,101.68991,LTE,2
3.1922,101.68011,UMTS,5
3.07411,101.57478,LTE,2
3.69759,102.96181,UMTS,1
2.28588,102.23294,GSM,2
4.58207,101.41236,UMTS,1
2.39296,102.68646,GSM,1
5.05451,100.60488,UMTS,1
3.01643,101.51161,UMTS,2
2.98234,101.54811,UMTS,1
5.26726,100.4631,UMTS,1
4.5493,101.0804,LTE,1
4.82794,100.95378,UMTS,1
3.16476,101.6104,UMTS,18
4.32793,101.14906,UMTS,1
4.75566,100.91142,UMTS,1
1.55995,103.74147,LTE,2
2.35176,102.10899,UMTS,1
3.0493,101.67983,LTE,2
5.30089,115.23679,UMTS,1
3.08605,101.71763,UMTS,2
2.8022,101.70662,UMTS,3
6.20934,100.46654,UMTS,1
3.07207,101.59492,LTE,3
1.375,104.09378,UMTS,1
5.56389,117.98698,GSM,1
4.98573,118.22319,UMTS,1
5.59135,100.5764,UMTS,1
2.70689,111.46575,UMTS,1
3.53052,103.44828,UMTS,1
1.51375,103.67143,UMTS,1
1.55205,103.81837,UMTS,1
1.48089,103.76929,UMTS,2
3.06486,101.49904,UMTS,2
6.11595,116.16051,UMTS,2
5.95792,116.06508,UMTS,1
2.50969,102.37816,UMTS,1
4.25075,103.40675,UMTS,1
1.57956,110.29985,UMTS,1
5.60022,100.53718,UMTS,2
1.49026,103.91188,LTE,2
5.3112,100.44319,UMTS,2
3.10901,101.62489,LTE,2
3.23616,101.64482,UMTS,9
2.0741,102.54122,GSM,1
5.7177,102.21199,UMTS,1
3.05397,101.66905,UMTS,2
2.99529,101.54307,LTE,1
2.08291,102.58286,UMTS,3
2.03126,103.32321,UMTS,1
3.18586,101.75755,LTE,1
4.67434,101.05482,LTE,1
5.65694,100.53067,UMTS,3
2.35451,103.65028,GSM,1
1.53196,103.66631,LTE,8
6.08829,116.10022,LTE,3
2.08092,103.28998,UMTS,1
5.49104,100.61357,UMTS,1
5.4019,103.08091,UMTS,2
1.49286,103.76577,UMTS,1
1.73487,103.90791,UMTS,3
4.2413,103.41566,UMTS,1
2.88597,101.73065,GSM,1
3.8072,103.31432,UMTS,1
2.22887,102.2794,GSM,1
6.3159,99.85631,GSM,2
3.43941,102.95631,LTE,1
5.36098,100.30312,UMTS,1
1.48828,103.86616,LTE,2
2.03376,103.29686,GSM,1
3.35781,101.55652,LTE,1
3.21887,103.13467,UMTS,1
6.12896,100.38499,UMTS,1
2.98159,101.70807,LTE,1
6.54015,100.32766,UMTS,1
3.02142,101.44838,UMTS,1
4.67046,101.06941,GSM,1
1.56212,103.80501,GSM,1
5.1519,102.60338,UMTS,1
2.05496,102.64842,GSM,1
3.16864,101.71827,UMTS,1
1.3646,103.55438,UMTS,1
2.23822,102.29105,LTE,1
2.83092,101.82608,LTE,3
4.29703,100.67158,UMTS,1
3.04091,101.5886,GSM,4
1.55507,103.81398,UMTS,1
5.12874,100.48285,LTE,2
6.10771,100.33745,UMTS,1
5.10109,115.56313,GSM,1
3.65887,101.52501,UMTS,3
1.5442,103.79498,UMTS,2
2.26936,102.14607,UMTS,1
5.40864,103.08569,UMTS,1
2.27074,102.54433,UMTS,1
3.85872,103.31749,UMTS,1
3.21198,101.60717,UMTS,1
3.21269,101.61208,UMTS,4
2.25464,102.27364,GSM,1
2.75138,101.96618,UMTS,2
3.0708,101.463,UMTS,1
5.97284,116.11885,LTE,1
5.42244,100.32097,UMTS,1
5.58194,100.45008,UMTS,1
2.26456,102.29439,LTE,1
2.00432,103.21587,UMTS,1
2.37312,102.9138,UMTS,1
1.50169,103.75694,LTE,3
2.44789,102.6844,UMTS,1
1.91368,102.9055,UMTS,1
4.2042,100.68658,GSM,1
1.85126,103.08597,UMTS,1
1.14944,110.65086,UMTS,1
1.48725,103.71233,UMTS,1
3.66325,101.00212,UMTS,1
4.66129,101.147,UMTS,1
3.05101,101.53888,LTE,4
1.73098,103.89397,GSM,2
3.12882,101.66621,UMTS,1
4.82476,100.73212,LTE,1
3.03113,101.76294,UMTS,2
5.25764,116.17836,UMTS,1
3.0302,101.57902,UMTS,4
2.8846,102.35756,UMTS,1
3.09064,101.76028,LTE,2
1.5629,110.34091,UMTS,2
5.49385,100.39787,GSM,2
5.47078,100.27831,LTE,2
3.15591,101.59709,UMTS,2
5.66551,100.63408,LTE,1
6.44691,100.48027,GSM,2
4.84705,101.96379,GSM,2
4.61769,101.12846,UMTS,3
2.02223,103.05977,UMTS,1
4.22218,100.6198,UMTS,1
2.29362,102.18445,UMTS,1
6.44212,100.21055,UMTS,1
5.29884,115.2404,UMTS,2
3.14003,101.76292,LTE,1
1.5586,103.75515,LTE,2
3.21543,101.62116,LTE,1
6.3949,100.42589,UMTS,1
1.6446,103.62576,UMTS,1
2.89235,101.66662,UMTS,1
3.80683,103.32603,GSM,1
3.20816,101.55386,UMTS,1
4.6178,101.05422,LTE,4
3.22013,101.44248,LTE,1
1.47485,103.95751,UMTS,1
6.46133,116.51688,GSM,1
6.10843,102.31164,UMTS,1
5.56938,100.13283,UMTS,1
5.35495,100.43869,LTE,1
4.78249,100.74944,UMTS,1
3.15795,101.59709,LTE,7
2.67067,101.86404,UMTS,1
6.20503,100.40991,LTE,1
4.98959,100.70516,UMTS,1
3.08073,101.41848,UMTS,1
3.85277,101.28365,GSM,2
3.83176,103.27398,LTE,1
2.22954,102.28821,LTE,1
5.36201,102.88353,GSM,1
1.55251,103.92311,UMTS,1
5.31478,103.14732,UMTS,1
3.78565,103.28908,LTE,1
5.64275,100.48798,UMTS,3
3.18099,101.51822,LTE,3
4.50783,103.44246,UMTS,2
3.10254,101.71019,LTE,1
5.5324,102.19906,GSM,1
3.978,103.3571,UMTS,1
1.6143,110.19905,UMTS,1
1.50995,103.75829,UMTS,4
5.2851,115.21086,UMTS,1
5.45677,101.16554,UMTS,1
5.42895,100.30908,LTE,2
4.34166,117.82906,UMTS,1
3.20466,101.75885,LTE,8
2.3231,102.07997,UMTS,1
3.47061,101.17302,GSM,1
2.04856,102.56913,LTE,2
4.48723,101.10512,UMTS,1
2.19109,102.62947,LTE,2
1.85394,103.02416,UMTS,1
3.08309,101.61572,LTE,8
6.27068,100.44044,GSM,1
5.01503,100.52879,UMTS,1
5.22743,103.06618,UMTS,1
2.17184,102.59513,LTE,4
3.41495,101.56346,UMTS,1
1.7379,103.9135,UMTS,1
6.14497,102.20873,UMTS,1
5.90996,116.1042,LTE,3
5.33827,100.49077,LTE,1
5.76627,102.56172,UMTS,1
3.53115,103.45456,GSM,1
3.32475,101.57645,UMTS,1
3.19359,101.65169,UMTS,1
3.12767,101.45531,UMTS,1
3.87916,103.3652,GSM,1
2.04808,102.59671,LTE,2
3.10402,101.62489,LTE,3
2.9406,102.25522,UMTS,1
1.48366,103.94812,LTE,3
3.1826,101.65535,UMTS,1
5.38516,103.09658,UMTS,2
3.79926,100.88839,UMTS,1
2.73138,102.24941,UMTS,1
2.23093,102.31202,GSM,1
3.40208,101.5688,UMTS,1
1.65844,103.57472,UMTS,1
2.13066,102.74071,UMTS,2
4.29017,103.45333,UMTS,1
1.56795,103.49414,UMTS,1
5.73232,102.50839,LTE,1
4.89197,100.73015,UMTS,2
6.0608,116.15194,LTE,4
2.22041,102.2843,GSM,1
3.99458,101.02064,UMTS,1
3.07968,101.74664,LTE,2
1.91368,102.90276,GSM,1
1.8203,103.46306,UMTS,1
6.09275,100.33897,UMTS,1
5.40156,100.41346,UMTS,1
1.55212,103.78881,UMTS,3
2.96928,101.72996,LTE,1
2.95611,101.653,UMTS,9
1.51213,103.6288,UMTS,3
2.2668,102.24967,LTE,6
3.88514,102.51568,UMTS,1
3.43552,102.61023,GSM,1
5.40321,100.54893,UMTS,1
2.994,101.53542,UMTS,1
3.09314,101.54718,LTE,11
1.46836,103.78174,UMTS,1
3.88985,100.83458,UMTS,1
6.15681,100.45258,GSM,1
5.22469,100.41161,GSM,6
5.47966,100.42168,UMTS,1
3.0452,101.57616,UMTS,13
5.3838,100.52834,LTE,2
2.28095,102.29953,GSM,1
1.57524,103.68828,UMTS,1
2.98574,101.66122,UMTS,2
1.46874,103.87985,UMTS,1
5.97024,116.09268,UMTS,4
1.24627,110.2748,UMTS,1
4.54353,101.08315,LTE,1
5.62306,100.53116,UMTS,1
5.93193,102.2422,UMTS,1
4.59226,101.08405,UMTS,3
4.28123,100.63271,UMTS,1
2.13985,103.44791,UMTS,1
3.14905,101.71784,GSM,3
3.08308,101.638,LTE,7
4.04915,101.78078,GSM,1
2.30429,111.89106,LTE,1
5.79879,100.60042,GSM,1
5.26946,103.16808,LTE,1
6.02533,102.21369,UMTS,1
6.39855,100.42364,UMTS,1
2.3719,102.7256,GSM,1
3.42178,101.79195,GSM,11
2.05145,102.66126,LTE,1
6.40616,100.13339,LTE,1
4.28817,103.43763,UMTS,1
3.0027,101.62834,UMTS,2
2.94365,101.84944,UMTS,3
1.4892,103.90674,LTE,7
3.3916,101.55382,UMTS,1
5.36385,100.55756,UMTS,1
3.13271,101.5995,UMTS,1
3.15058,101.5418,LTE,2
4.63527,101.0641,LTE,1
3.20168,101.72111,UMTS,2
4.17068,101.29463,GSM,1
1.80177,103.34881,LTE,1
2.33591,102.25219,UMTS,1
4.77013,103.3477,UMTS,2
3.81683,103.33216,LTE,2
5.66963,100.43083,GSM,2
2.27527,102.28368,LTE,1
3.14493,101.7339,LTE,6
3.05678,101.5367,UMTS,1
2.48019,102.33994,UMTS,1
5.90446,116.04515,UMTS,3
3.09269,101.88359,UMTS,2
3.00897,101.79041,UMTS,2
3.20356,101.69652,LTE,1
2.09908,102.63771,UMTS,1
3.04933,101.79998,LTE,8
1.55667,110.33699,UMTS,1
5.32906,100.38826,GSM,1
3.25417,101.66544,UMTS,3
1.50856,103.70728,GSM,1
5.42216,100.32615,UMTS,8
4.32793,101.1367,UMTS,2
4.67674,101.49376,GSM,2
6.08162,102.23671,LTE,1
4.25514,117.94579,UMTS,1
1.48387,103.71846,LTE,8
2.93806,101.86593,LTE,4
5.14902,103.07861,UMTS,1
3.45822,102.47958,UMTS,1
1.50587,103.65725,UMTS,5
2.91801,101.75194,UMTS,2
4.46526,101.10512,UMTS,1
1.52487,110.39185,UMTS,1
6.24373,100.43028,UMTS,2
4.1851,114.3354,UMTS,1
2.22423,102.29374,LTE,1
2.36,102.40562,UMTS,1
2.98213,101.65872,LTE,10
4.46114,103.24883,UMTS,1
5.98405,116.07394,UMTS,11
3.01637,101.45428,UMTS,1
3.47923,102.9673,GSM,2
6.12419,100.37178,GSM,9
6.12468,102.20007,GSM,1
4.54948,101.08383,GSM,1
2.45476,102.24495,UMTS,2
1.86545,102.94266,UMTS,1
4.65065,103.34221,UMTS,2
5.65188,100.50311,LTE,1
6.32927,99.73355,GSM,1
6.19947,100.3715,UMTS,1
1.56628,103.60116,LTE,1
3.00304,101.48519,UMTS,2
2.6005,102.51528,GSM,1
5.8358,102.34383,UMTS,1
2.64431,101.99625,UMTS,2
5.33919,100.28107,LTE,2
3.07006,101.6072,LTE,2
3.69713,101.87187,UMTS,1
3.76031,103.23658,GSM,1
2.93968,101.65436,LTE,3
3.1538,101.4173,GSM,1
3.06038,101.68602,UMTS,2
5.8057,102.22588,UMTS,2
2.022,103.28702,UMTS,3
4.27849,117.90871,UMTS,1
4.54079,101.12297,LTE,7
2.56462,102.0472,UMTS,1
3.02008,101.56928,UMTS,1
2.92103,101.83733,UMTS,1
5.51857,100.57915,GSM,1
5.38521,100.40009,UMTS,1
2.95111,101.76295,UMTS,2
4.23079,101.25767,UMTS,2
5.0251,118.339,UMTS,1
3.24721,101.72575,LTE,3
3.16612,101.64482,GSM,3
2.09261,102.5275,GSM,1
3.08372,101.44569,LTE,5
3.0457,101.57334,LTE,1
2.42592,102.34108,UMTS,1
3.31886,101.56563,UMTS,1
1.43303,110.32814,UMTS,1
3.06589,101.49101,UMTS,11
2.96837,101.53084,UMTS,1
1.59404,103.84767,UMTS,1
5.15053,115.6414,UMTS,1
1.51239,103.71674,UMTS,2
1.86974,102.97829,UMTS,1
4.84909,100.75012,UMTS,1
5.98487,116.076,UMTS,5
3.9435,102.36539,UMTS,1
6.04054,102.00083,UMTS,1
1.66237,103.71986,UMTS,1
2.94063,101.69069,UMTS,1
5.34715,100.42827,LTE,2
4.85207,100.73891,LTE,1
3.10432,101.80893,UMTS,1
3.0437,101.69814,UMTS,2
2.47408,102.22912,LTE,1
5.08049,100.49812,UMTS,1
2.14062,104.0076,UMTS,1
3.04555,101.53853,UMTS,1
5.33699,115.72812,UMTS,1
6.04118,102.28286,UMTS,2
6.1387,102.2922,LTE,1
1.5759,103.74732,UMTS,2
3.07372,101.54104,UMTS,2
2.85439,101.5535,GSM,1
6.1309,116.15073,GSM,2
2.69824,101.84996,GSM,1
3.07592,101.65591,UMTS,3
3.23616,101.48827,UMTS,1
4.20995,100.64092,LTE,4
3.1487,101.53518,UMTS,1
5.68939,101.8435,UMTS,2
4.45782,114.0136,UMTS,1
3.10825,101.60536,UMTS,2
3.82982,101.40314,LTE,1
6.16402,100.48851,GSM,1
2.98299,101.42735,UMTS,2
3.09676,101.65567,UMTS,1
3.12597,101.74645,LTE,8
6.30516,100.2191,LTE,1
2.39161,102.12595,UMTS,2
2.91618,101.85768,UMTS,1
3.317,101.561,UMTS,2
5.31579,103.11475,UMTS,1
5.98,100.53383,UMTS,2
1.86072,102.93475,UMTS,1
5.43603,100.63909,UMTS,1
5.33867,115.22804,UMTS,1
2.13066,111.5229,UMTS,1
3.45477,102.45897,UMTS,2
4.28178,101.24931,UMTS,1
5.86433,116.06139,UMTS,1
3.07466,101.49898,GSM,1
1.4962,110.33192,UMTS,2
3.09202,101.68376,UMTS,3
1.54701,110.33226,LTE,2
1.80519,103.11424,UMTS,1
3.90816,103.35278,UMTS,1
1.68655,103.85419,UMTS,1
2.17323,102.55394,UMTS,1
2.0235,103.06341,UMTS,1
6.36865,100.32858,UMTS,2
5.70259,101.73958,UMTS,1
4.25189,117.92334,LTE,1
3.03147,101.47686,GSM,1
3.01911,101.57787,UMTS,2
6.1869,116.46858,GSM,1
3.64861,101.8953,UMTS,1
6.12277,102.21622,LTE,1
3.76412,101.85888,UMTS,2
3.05729,101.55779,LTE,1
4.47212,101.16299,UMTS,1
3.25414,101.6721,UMTS,3
3.15102,101.75056,GSM,6
5.30571,103.07579,UMTS,4
1.52092,110.24574,UMTS,1
2.97187,102.59258,GSM,1
2.45322,102.34116,UMTS,2
5.41407,100.54227,GSM,2
3.04935,101.51415,GSM,4
3.48877,103.38457,UMTS,1
4.24416,100.6945,UMTS,1
1.45127,103.89657,UMTS,1
2.8478,101.69527,LTE,1
3.5078,102.40782,GSM,1
5.64045,100.54544,UMTS,1
3.81706,103.3326,UMTS,6
3.49297,103.41519,LTE,2
3.10982,101.85219,LTE,1
3.12767,101.6153,LTE,1
3.96171,103.38382,UMTS,2
5.36318,100.39376,LTE,2
4.33205,113.98521,UMTS,2
3.1808,101.72482,UMTS,2
2.3037,102.61299,UMTS,2
4.14013,103.40126,UMTS,2
4.59984,101.11198,LTE,3
1.52804,110.35717,LTE,4
3.10992,101.64613,LTE,6
3.13316,101.70067,LTE,1
2.78953,101.73298,UMTS,1
3.04939,101.54045,GSM,2
2.42317,103.83659,GSM,2
4.72494,114.9915,GSM,1
2.20735,102.24929,LTE,2
3.08707,101.72976,UMTS,4
3.02193,101.25206,LTE,1
3.3327,101.861,UMTS,1
3.19623,101.64158,LTE,1
3.50945,102.12273,GSM,1
5.15053,102.80663,UMTS,1
2.92168,101.74644,UMTS,3
1.6192,103.6864,UMTS,1
3.82103,103.29318,LTE,2
2.2691,102.26487,UMTS,1
3.48362,102.11771,GSM,1
1.50856,103.85033,UMTS,1
6.21483,102.12135,UMTS,1
3.1263,101.64614,LTE,8
2.59897,102.02795,LTE,5
1.53989,103.6201,UMTS,2
2.03377,102.57708,LTE,2
5.01724,100.64646,UMTS,3
3.21182,101.61036,UMTS,2
2.73792,102.23719,GSM,1
3.18415,101.66604,LTE,2
3.86513,103.24196,GSM,1
3.14966,101.67228,UMTS,2
5.80559,100.61897,UMTS,1
6.11589,100.36373,UMTS,2
4.20982,100.62447,UMTS,1
3.44018,102.02413,UMTS,3
4.41825,100.9885,UMTS,1
1.44333,103.88397,GSM,1
3.12203,101.5929,LTE,5
1.58821,110.29243,LTE,1
6.0002,102.31599,GSM,1
5.81928,116.01789,LTE,1
6.04438,102.14654,GSM,1
2.80357,101.91124,GSM,1
6.2008,102.08798,GSM,1
1.46013,103.74983,LTE,4
2.97935,101.78902,UMTS,1
1.52724,103.70119,UMTS,1
4.82379,103.40633,UMTS,1
2.43155,101.86038,GSM,1
4.77425,100.7975,GSM,1
3.17435,101.65992,LTE,33
2.69508,101.86317,UMTS,1
1.57128,103.80159,LTE,1
4.19333,100.6681,UMTS,2
3.10419,101.61468,UMTS,7
3.07401,101.77869,UMTS,1
2.23628,102.668,UMTS,1
1.54329,103.63085,UMTS,3
3.11401,101.66978,LTE,8
6.11458,100.42946,UMTS,1
1.85463,102.84645,UMTS,1
3.20079,101.66469,LTE,3
4.38422,113.99405,UMTS,1
2.20361,102.34436,UMTS,1
5.6466,102.63891,UMTS,1
3.10676,101.48185,UMTS,4
3.05882,101.5831,GSM,4
4.60072,101.07288,UMTS,2
2.85282,101.74693,UMTS,1
1.86999,103.02163,LTE,1
5.44092,100.3095,LTE,1
4.44058,101.38904,UMTS,1
2.29394,111.82301,LTE,2
2.9922,101.5136,UMTS,1
2.00072,103.32196,UMTS,1
2.912,101.77177,UMTS,1
6.1887,100.31964,UMTS,1
1.98511,103.32931,UMTS,1
2.20418,102.2801,LTE,2
4.42733,114.00639,UMTS,1
1.5786,103.71986,UMTS,1
3.94635,101.41622,LTE,1
4.11871,113.82857,UMTS,1
1.5464,103.36924,UMTS,1
3.1068,101.80982,UMTS,2
4.71547,103.41829,GSM,1
4.68062,102.00028,UMTS,1
1.84651,102.92489,LTE,1
6.32601,99.83906,UMTS,1
4.84128,101.95877,UMTS,1
2.85857,101.72812,GSM,1
1.54289,103.71162,UMTS,3
6.001,116.74377,GSM,1
2.25217,102.21221,GSM,1
6.39653,100.4808,UMTS,1
2.97798,101.57616,UMTS,1
3.19359,101.72173,UMTS,1
4.12559,102.38045,GSM,1
3.19767,101.75043,LTE,1
2.98622,101.77666,LTE,1
3.02673,101.48071,UMTS,1
4.50266,101.03966,LTE,1
5.86088,118.07139,UMTS,1
6.26564,100.42259,UMTS,1
1.75534,103.38552,GSM,1
3.1097,101.52623,UMTS,1
3.04253,101.65031,UMTS,1
2.18014,102.30572,UMTS,4
3.14906,101.7208,LTE,4
5.05165,118.28087,UMTS,1
3.82393,103.3065,UMTS,1
3.09059,101.64077,UMTS,4
4.47373,101.0479,UMTS,5
3.15778,101.75463,UMTS,3
3.14705,101.60515,GSM,1
1.61842,110.35149,UMTS,1
2.29239,103.01968,GSM,1
3.30994,101.55115,LTE,2
3.51068,102.41526,UMTS,2
4.52914,101.0882,UMTS,1
5.75898,102.27391,LTE,2
4.62458,103.44003,LTE,2
3.77885,103.25589,LTE,1
1.52899,103.81482,UMTS,9
1.66465,103.58931,UMTS,1
1.52375,103.80626,LTE,5
1.87536,103.61482,UMTS,1
5.61815,100.47409,LTE,2
1.55113,103.78029,LTE,2
5.36568,100.44999,LTE,2
2.98176,101.49651,UMTS,1
6.07887,100.36766,UMTS,2
3.7635,101.85219,UMTS,1
5.41985,100.3209,UMTS,1
3.16879,101.54952,LTE,1
3.00432,101.713,LTE,2
3.16198,101.72188,UMTS,16
3.53279,102.12685,UMTS,1
2.42729,101.85631,UMTS,1
5.38628,100.31502,UMTS,1
4.80034,100.70686,GSM,1
3.24707,101.64904,UMTS,3
5.33731,100.30406,LTE,1
4.32121,101.14692,LTE,1
5.34018,100.4228,LTE,4
3.02603,101.57324,LTE,2
3.93999,102.02223,GSM,1
3.25539,101.55899,GSM,1
2.11645,111.52376,GSM,1
3.13413,101.62126,LTE,7
1.74025,111.34096,LTE,1
1.49895,103.6512,GSM,2
3.19687,101.65419,LTE,4
4.77314,100.87418,UMTS,2
2.26883,102.25226,LTE,1
6.09329,100.33608,UMTS,1
4.46319,101.00926,GSM,1
2.9999,101.72894,UMTS,9
2.13615,102.77312,UMTS,1
2.97295,101.36375,UMTS,1
5.02281,100.95543,GSM,1
5.26726,103.15681,UMTS,1
5.64903,100.48439,GSM,1
2.44652,102.21321,UMTS,3
5.20191,116.34375,UMTS,1
4.2487,103.41007,GSM,1
2.9321,101.65992,UMTS,3
6.11799,102.11897,LTE,1
1.56891,104.21123,UMTS,1
3.15793,101.62772,GSM,2
2.83462,102.57967,UMTS,1
1.79695,103.32024,UMTS,1
2.43985,102.18604,GSM,1
5.42792,100.58958,UMTS,1
4.53006,101.10853,UMTS,1
3.80017,103.26188,UMTS,1
4.47773,101.05014,UMTS,1
3.56093,102.53797,LTE,1
4.59582,101.05431,LTE,7
3.06085,101.79991,UMTS,1
3.46393,101.65014,LTE,2
2.61702,102.00853,GSM,1
2.85472,101.78654,UMTS,1
5.40191,100.32806,UMTS,5
3.225,101.72124,LTE,1
4.44878,114.0374,UMTS,1
4.59919,101.14116,LTE,2
4.66457,101.07799,LTE,2
3.42979,101.6613,UMTS,1
2.97937,101.62858,UMTS,1
3.15971,101.57776,UMTS,1
5.30001,103.16304,UMTS,2
2.9409,101.84944,UMTS,3
2.91189,101.70022,LTE,1
4.31419,113.98659,LTE,1
3.01316,101.80131,LTE,2
4.25102,100.9893,UMTS,1
3.00407,101.7849,UMTS,3
3.04986,101.6027,UMTS,2
4.25652,117.90871,GSM,6
3.03069,101.43221,UMTS,2
2.83167,101.61417,UMTS,2
2.86633,101.6774,UMTS,2
1.4822,103.81528,UMTS,1
3.07293,101.60099,GSM,19
6.3398,99.86916,UMTS,1
5.50437,115.79618,UMTS,1
5.42381,115.662,GSM,1
2.56708,101.83946,UMTS,1
2.24464,102.42897,UMTS,1
3.56163,101.66679,GSM,1
4.6106,101.06467,LTE,1
5.28795,100.25902,UMTS,2
2.98326,101.80292,UMTS,3
3.02114,101.36868,UMTS,1
2.82101,101.88312,UMTS,1
3.16887,101.69893,LTE,10
3.084,101.6299,UMTS,9
6.03493,116.12206,GSM,1
3.83281,103.34713,GSM,6
5.95427,116.0565,UMTS,1
3.61505,102.38789,UMTS,1
2.07298,102.89314,UMTS,1
3.01838,103.42607,UMTS,1
3.2032,101.63109,LTE,1
6.2145,100.26674,UMTS,1
6.04487,102.23419,UMTS,1
3.07807,101.62673,LTE,4
3.20873,101.72006,UMTS,4
2.03816,102.62653,UMTS,1
3.02589,101.70021,LTE,3
2.70182,101.92,LTE,1
3.22311,101.69357,GSM,1
4.56413,117.08473,GSM,1
2.37172,102.3448,UMTS,1
6.19321,100.38506,UMTS,1
3.31718,101.57341,UMTS,5
3.13454,101.60774,GSM,1
2.41699,102.24551,GSM,1
4.32054,103.36487,UMTS,1
3.85826,100.96367,GSM,1
5.7329,115.93393,UMTS,6
1.49535,103.84371,UMTS,1
3.07993,101.55136,UMTS,13
1.48933,103.80501,UMTS,1
2.65316,101.78472,UMTS,1
2.97575,101.6716,UMTS,1
1.49565,110.34105,UMTS,1
2.95796,101.77804,UMTS,6
6.09508,102.20813,UMTS,1
6.44417,100.39238,GSM,1
3.00968,101.71779,GSM,7
2.97661,101.67915,UMTS,1
3.28628,101.38596,GSM,1
4.77287,100.84145,UMTS,2
3.33672,101.76753,LTE,2
4.59393,101.12982,UMTS,3
5.7751,102.1823,UMTS,1
1.51712,103.82406,UMTS,5
4.89823,100.66918,UMTS,1
5.88811,116.06672,UMTS,1
5.96214,116.07811,LTE,2
3.29247,113.14751,GSM,1
4.80868,101.08508,UMTS,1
3.17711,101.51848,LTE,4
1.85764,102.93502,LTE,2
1.49409,103.77731,UMTS,2
3.10305,101.6471,UMTS,5
1.455,110.30342,UMTS,1
2.95952,101.85264,UMTS,1
3.07462,101.397,LTE,1
1.4399,110.48973,UMTS,1
6.03767,100.37727,UMTS,1
2.99528,101.73121,LTE,1
3.17511,101.70212,LTE,5
3.14884,101.6084,UMTS,1
4.46114,118.22594,GSM,1
4.00592,101.04017,GSM,1
5.42411,100.48386,UMTS,1
2.83104,101.80275,UMTS,1
3.21708,101.72112,UMTS,4
2.70033,101.9616,GSM,1
5.38948,100.38002,UMTS,1
5.47492,100.25099,LTE,3
2.98508,101.78169,UMTS,1
1.52787,103.8159,LTE,5
4.38698,101.05431,GSM,1
6.10648,102.14547,UMTS,1
2.40734,111.82087,UMTS,1
3.13883,101.64087,UMTS,4
2.93989,101.30205,UMTS,1
3.4481,102.42738,UMTS,1
5.6353,115.90096,GSM,1
3.71269,102.98653,GSM,1
3.0027,101.79039,GSM,1
3.43858,101.54518,UMTS,1
2.39059,102.54491,GSM,1
6.01021,100.45143,UMTS,1
4.34303,113.98521,UMTS,1
6.3279,100.25185,GSM,1
5.99715,102.07849,GSM,1
1.77572,103.87338,LTE,1
4.81926,100.71244,LTE,1
1.47021,103.77408,UMTS,2
3.34465,101.58852,UMTS,2
5.97398,116.10532,UMTS,1
2.17529,102.63908,GSM,1
4.59183,101.04595,UMTS,1
4.07387,101.28914,UMTS,1
6.15905,102.2809,UMTS,1
4.51191,101.14085,UMTS,3
4.57267,101.0908,GSM,1
1.52634,103.78797,UMTS,1
3.81495,103.33086,UMTS,5
1.53703,103.75592,UMTS,2
3.20856,101.48688,UMTS,1
2.0921,103.38604,UMTS,1
5.60591,100.51671,GSM,1
2.48085,103.82011,GSM,1
5.12826,100.47998,UMTS,1
2.77748,102.2834,UMTS,1
1.49092,103.87376,GSM,2
6.43456,100.21454,UMTS,1
3.0027,101.6201,LTE,2
4.93858,103.11424,UMTS,1
6.03887,102.25962,UMTS,1
1.63867,103.56313,UMTS,1
1.50702,103.69503,UMTS,3
4.23166,100.62729,LTE,1
5.2727,116.97259,GSM,1
5.40807,100.41911,UMTS,1
3.25813,113.09944,LTE,1
4.24528,117.89726,UMTS,1
2.47054,102.1911,UMTS,1
3.07508,101.62206,UMTS,2
3.1741,101.72005,LTE,6
1.74773,103.89608,UMTS,1
1.61497,103.647,LTE,1
2.19383,102.26589,UMTS,2
3.06117,101.70392,UMTS,5
3.67701,100.99465,UMTS,1
2.02225,103.30494,UMTS,2
3.28148,101.7382,UMTS,1
1.47133,103.88603,LTE,6
2.97578,101.40074,UMTS,1
3.44776,101.54625,UMTS,1
3.11238,101.73141,UMTS,1
2.69028,101.87279,UMTS,1
5.88357,116.05372,LTE,1
2.70845,101.92677,UMTS,1
2.23702,102.14525,UMTS,1
3.21596,101.55723,UMTS,1
2.79808,101.77528,LTE,1
4.60906,101.12413,LTE,3
2.71431,101.97853,UMTS,1
6.06876,100.36053,UMTS,1
3.16394,101.55095,LTE,2
2.83791,101.86592,UMTS,1
3.46825,102.32323,UMTS,1
2.93357,101.84976,UMTS,1
6.49003,100.25501,UMTS,2
3.89924,101.36737,GSM,3
4.95332,102.25206,GSM,1
4.65308,118.20798,UMTS,1
1.57197,110.33796,UMTS,4
2.46437,102.06642,UMTS,2
6.05278,102.37679,UMTS,1
3.08374,101.63515,GSM,17
6.27525,100.38963,GSM,3
2.23702,102.25883,UMTS,3
3.53554,101.90437,UMTS,1
1.43852,103.64296,UMTS,1
5.2873,100.2552,LTE,1
2.97959,101.40945,UMTS,1
3.83789,103.30222,GSM,3
6.13323,100.35426,UMTS,1
3.77174,103.22685,UMTS,1
3.71874,103.27483,LTE,1
5.35652,100.39925,UMTS,1
5.09351,100.47609,UMTS,1
1.51268,110.28831,UMTS,1
3.12712,101.72171,GSM,3
4.22191,100.69395,LTE,1
5.71916,117.67278,GSM,1
2.88203,101.80705,UMTS,2
4.17686,100.94994,GSM,1
5.34096,100.30406,GSM,2
1.96012,102.63878,UMTS,1
1.48334,103.90438,LTE,1
1.51268,110.37346,LTE,1
3.67287,101.40175,UMTS,1
3.06497,101.52613,UMTS,3
3.04998,101.67008,UMTS,1
2.16042,103.16951,LTE,1
6.04508,116.12463,LTE,1
3.6097,102.77916,UMTS,2
2.66212,102.01286,UMTS,2
5.37907,100.31425,UMTS,3
5.94292,102.30486,GSM,1
1.502,103.86113,UMTS,2
2.97798,101.66405,GSM,2
5.35927,100.37659,UMTS,1
6.15143,100.36377,LTE,1
2.13389,102.7612,GSM,1
2.93244,101.78336,LTE,1
6.00746,116.54228,UMTS,1
1.46465,103.75421,LTE,7
1.16908,110.56914,LTE,2
3.1261,101.7312,LTE,3
1.52111,110.34041,LTE,2
6.09102,102.2912,LTE,1
3.90476,102.54602,UMTS,1
6.12968,100.35942,UMTS,2
5.98068,116.13373,UMTS,1
5.03137,118.30759,LTE,1
5.42932,100.41413,UMTS,2
2.25096,102.49309,LTE,2
3.63442,101.03645,GSM,1
4.81891,100.72267,UMTS,1
6.49149,116.5374,UMTS,1
5.70381,115.93398,LTE,2
1.85417,103.08497,UMTS,3
3.08759,101.50995,UMTS,1
5.28534,100.23739,GSM,1
2.95151,101.61949,UMTS,1
3.04115,101.45256,UMTS,1
5.49948,100.54112,LTE,1
5.02035,100.47319,UMTS,1
2.70404,101.99027,LTE,2
3.19217,101.70516,GSM,11
6.19661,116.19968,LTE,1
5.33101,103.11553,UMTS,1
5.42519,100.5352,UMTS,1
3.83629,103.2653,UMTS,2
3.08316,101.63904,GSM,6
4.24828,101.96754,UMTS,1
1.54427,103.7542,UMTS,1
5.74292,102.05344,UMTS,1
3.23559,101.53221,LTE,1
2.60728,101.68992,UMTS,2
2.00294,103.05914,UMTS,1
6.93443,116.7881,LTE,1
3.45564,102.39845,GSM,1
4.55773,101.08872,GSM,1
3.40302,101.54975,UMTS,1
2.96425,101.35231,LTE,1
5.12444,100.48851,UMTS,1
4.20818,100.63266,UMTS,2
2.90853,101.70819,GSM,1
1.60007,103.71838,UMTS,2
3.42866,101.79244,LTE,1
6.26289,100.43358,UMTS,1
1.5216,103.72053,GSM,1
5.34416,100.45692,UMTS,1
5.68939,102.5671,GSM,1
3.12209,101.64483,UMTS,26
6.02502,116.12342,UMTS,1
5.92356,116.10369,LTE,1
4.49409,101.16005,GSM,2
5.01531,100.54001,UMTS,1
4.59144,101.139,UMTS,1
5.39778,100.57124,UMTS,2
2.04391,103.32785,GSM,1
5.34828,103.09296,UMTS,1
3.21796,101.72078,UMTS,4
4.24416,100.7,UMTS,1
1.51955,103.80775,UMTS,1
3.47237,102.3658,UMTS,1
2.94988,102.05716,UMTS,7
5.27542,103.17092,UMTS,1
3.07595,101.6888,UMTS,3
1.50392,103.77261,UMTS,1
6.25575,100.43825,GSM,1
3.06495,101.76831,LTE,3
6.16032,102.33347,UMTS,1
5.87405,116.0591,LTE,2
3.9743,101.32759,GSM,1
4.653,101.10203,UMTS,1
5.6672,102.21471,UMTS,1
3.00858,101.76834,LTE,1
3.14816,101.74091,UMTS,5
1.47011,103.61549,UMTS,2
3.10707,101.7231,UMTS,1
2.99434,101.78797,UMTS,4
3.0632,101.68595,UMTS,12
4.2559,103.40286,LTE,2
4.47784,114.01514,UMTS,3
2.92877,101.68301,UMTS,4
3.14607,101.66487,GSM,1
3.73198,103.299,UMTS,1
3.25496,101.64408,LTE,1
3.06786,101.46384,UMTS,1
1.51222,103.7747,UMTS,1
3.07539,101.54732,UMTS,3
6.12144,100.3553,UMTS,1
3.23694,101.71102,LTE,3
3.769,101.87279,UMTS,1
5.40699,100.43804,LTE,1
4.245,117.88916,LTE,2
6.24596,100.44502,UMTS,1
3.17417,101.45108,UMTS,2
1.52556,103.69249,LTE,1
4.98575,100.68688,GSM,1
4.56551,103.44658,UMTS,1
3.26275,101.56086,UMTS,1
3.14422,101.53392,LTE,5
3.65913,103.05382,UMTS,1
3.13732,101.78728,UMTS,1
3.00545,103.02635,GSM,2
4.77425,100.77553,UMTS,1
5.39135,100.4,GSM,1
3.30764,101.598,UMTS,2
5.45706,103.03406,UMTS,1
3.22379,101.72995,UMTS,8
2.60719,101.85905,UMTS,4
1.8615,103.17192,UMTS,1
6.24391,100.42545,UMTS,1
3.14209,101.50612,LTE,1
3.23753,101.65031,UMTS,2
2.06612,102.56905,UMTS,2
1.54564,103.75008,UMTS,2
3.13388,101.36952,LTE,2
2.82463,101.79542,UMTS,1
4.02306,103.3786,UMTS,2
2.8079,101.80796,GSM,1
3.17097,101.61693,UMTS,6
2.28996,102.81075,UMTS,1
4.67789,101.12182,LTE,5
2.92808,101.45982,UMTS,1
3.19744,101.59614,UMTS,1
4.57478,101.1335,GSM,1
6.0259,102.16962,UMTS,1
5.93701,116.07205,UMTS,3
3.03841,101.57616,UMTS,1
3.78548,103.29414,LTE,1
2.912,101.65883,UMTS,9
2.83261,101.87982,GSM,1
1.58074,103.75118,UMTS,1
2.29134,111.82488,UMTS,4
5.8564,100.48439,GSM,1
5.01065,100.58755,UMTS,1
4.22594,101.97718,UMTS,1
4.61769,101.04744,UMTS,1
5.43068,100.38483,UMTS,1
1.45178,103.40682,GSM,1
2.18685,102.32402,UMTS,1
3.14562,101.70589,LTE,1
3.05493,101.55012,LTE,4
3.57193,101.88756,UMTS,1
4.06632,101.27472,UMTS,1
6.15588,102.32017,UMTS,2
5.35468,100.45107,LTE,2
2.18834,102.27379,UMTS,3
3.13016,101.75805,LTE,2
1.58715,110.41805,UMTS,4
6.53326,100.22948,LTE,1
5.28055,115.25322,UMTS,1
3.21968,101.55418,LTE,1
3.30905,101.73737,UMTS,1
5.55104,100.4372,LTE,3
6.3832,116.44011,LTE,1
1.50204,103.69102,UMTS,2
2.88597,101.73409,LTE,2
3.1675,101.67366,LTE,2
1.50169,103.64983,UMTS,2
2.93718,101.75151,UMTS,1
3.53691,101.08589,GSM,2
1.42067,110.31303,UMTS,1
4.50285,100.75107,UMTS,1
2.73628,101.94557,LTE,1
3.64421,101.53148,GSM,1
5.49776,100.44109,UMTS,2
1.55587,103.61976,UMTS,1
3.11103,101.74005,LTE,1
3.85437,103.35765,LTE,1
2.17787,102.32617,UMTS,1
5.02584,118.32504,UMTS,2
3.06913,101.48268,UMTS,2
5.41832,100.39375,GSM,2
1.85718,103.62703,UMTS,1
1.44625,103.94213,UMTS,1
1.74668,103.70985,UMTS,1
2.00715,103.34775,LTE,2
4.65909,101.17319,UMTS,1
2.19627,102.23913,UMTS,1
3.66921,101.52908,UMTS,3
5.98412,116.57089,GSM,1
2.8992,101.86636,UMTS,1
5.3936,100.32769,LTE,2
5.46854,102.8,UMTS,1
4.25652,100.67253,GSM,2
4.64083,101.1562,UMTS,1
3.2703,101.35962,UMTS,2
3.85483,103.32848,UMTS,1
1.74372,103.21075,UMTS,1
3.92942,101.3473,LTE,1
2.95052,102.24907,GSM,1
4.24553,100.66824,UMTS,2
2.24693,102.84187,UMTS,1
2.45185,102.24109,GSM,2
3.16352,101.62236,LTE,1
3.95324,100.78185,UMTS,1
2.79883,101.80704,UMTS,1
1.94785,102.65295,GSM,3
3.44986,102.40573,UMTS,3
6.05384,100.393,UMTS,1
2.34764,111.84288,UMTS,1
4.22859,100.63454,LTE,1
6.10453,100.29084,LTE,1
3.0027,101.63933,UMTS,1
5.27824,102.26692,UMTS,2
2.49314,102.83965,UMTS,7
3.15455,101.56594,UMTS,2
3.78273,113.93166,UMTS,1
6.3573,99.76026,LTE,1
2.21293,102.23294,UMTS,1
1.57707,103.74092,UMTS,1
2.08672,103.90114,UMTS,1
5.97424,116.11199,LTE,3
3.18807,101.66838,LTE,2
4.01594,102.05496,GSM,1
5.95054,116.09098,UMTS,1
1.37438,104.23232,UMTS,1
5.34983,100.39879,LTE,5
6.1385,102.2861,UMTS,1
3.21735,101.5675,UMTS,1
5.35332,100.32784,UMTS,1
3.15664,101.6558,LTE,4
3.05148,101.50101,GSM,1
5.41944,103.03902,UMTS,2
2.0826,102.57042,UMTS,1
5.67863,100.49594,GSM,2
3.22787,101.64337,LTE,8
3.91198,101.812,UMTS,2
2.97681,101.66301,GSM,4
1.60789,104.15504,UMTS,1
5.47808,100.26492,LTE,5
6.13702,100.36091,LTE,2
3.06175,101.66542,UMTS,2
3.43794,101.65433,UMTS,1
2.67512,102.01097,UMTS,1
3.61682,101.52509,GSM,1
4.56825,101.33308,GSM,1
1.56175,103.61887,LTE,1
5.35321,103.12731,UMTS,1
5.80009,102.09938,UMTS,1
4.48132,118.61112,LTE,1
4.63472,101.1525,LTE,1
2.84842,101.85033,UMTS,1
6.05053,102.12942,UMTS,1
3.2047,101.65219,LTE,2
5.85707,118.07599,UMTS,1
1.58128,110.33668,UMTS,1
5.8737,118.06359,UMTS,1
5.39085,100.38551,UMTS,4
3.27324,101.50063,UMTS,1
4.6054,101.09048,UMTS,1
2.58161,102.03431,UMTS,1
2.65664,101.73947,UMTS,1
4.1851,103.4198,LTE,1
3.20173,101.70739,LTE,2
5.17639,115.59021,UMTS,2
1.48921,103.39059,LTE,1
6.17506,102.31131,LTE,1
3.14686,101.65997,UMTS,6
2.73354,101.75468,UMTS,1
2.69945,101.95032,UMTS,1
5.24929,103.06567,LTE,1
5.03129,118.38846,UMTS,1
1.98308,103.36917,UMTS,1
2.72881,102.03354,UMTS,1
6.07035,102.24012,UMTS,1
3.10295,101.44157,UMTS,1
3.72368,101.47041,UMTS,2
3.043,101.75982,UMTS,1
2.96356,101.74644,UMTS,1
5.94707,117.97724,UMTS,1
2.8022,101.77391,UMTS,1
3.46926,102.38106,UMTS,1
1.48582,110.33408,LTE,1
2.99583,101.57204,UMTS,2
1.60046,110.3598,UMTS,2
5.09834,115.94009,GSM,1
2.05453,102.58184,UMTS,1
3.10432,101.45119,UMTS,1
5.75722,102.25926,UMTS,1
3.69087,101.37984,UMTS,1
1.85188,103.41774,GSM,1
5.62264,100.46946,UMTS,1
4.7645,103.41931,GSM,1
3.35392,101.55831,UMTS,2
5.30527,115.69778,UMTS,1
3.21904,101.69289,GSM,1
1.42898,110.14279,UMTS,2
2.60219,102.04731,UMTS,1
4.60394,101.09407,UMTS,8
2.15284,102.47578,UMTS,1
4.27373,117.86863,UMTS,1
3.02483,101.75309,LTE,3
3.8983,103.14353,UMTS,1
2.75518,101.78194,UMTS,1
6.31902,99.85108,LTE,2
5.95245,102.30004,UMTS,1
1.04893,110.75439,GSM,1
2.71706,101.78902,LTE,2
3.24582,101.72532,LTE,2
6.3262,99.79519,UMTS,1
1.12404,111.58058,UMTS,1
4.56139,101.15456,GSM,1
6.25671,116.35345,UMTS,1
5.59959,100.7769,UMTS,1
3.06173,101.66275,LTE,4
3.13728,101.66679,UMTS,1
2.96508,101.66615,LTE,2
1.77498,111.33614,UMTS,1
3.00195,101.39076,LTE,1
1.37741,103.59695,GSM,1
3.97161,103.41374,UMTS,1
3.11098,101.6329,LTE,5
4.24444,117.90604,UMTS,1
6.43345,100.27135,LTE,1
6.05643,102.13697,UMTS,1
2.48215,102.33372,GSM,1
3.0645,101.68705,UMTS,2
2.99789,101.76361,UMTS,1
3.21824,101.69004,GSM,6
1.51749,103.75351,LTE,1
1.52662,103.81789,LTE,1
3.08294,101.7007,LTE,5
2.88597,101.62422,UMTS,1
5.73726,102.48917,GSM,1
5.41695,100.30724,UMTS,1
1.4865,103.8185,UMTS,1
5.3373,115.24178,GSM,1
3.26972,113.08409,UMTS,1
1.50032,110.36797,UMTS,1
1.57392,110.31171,UMTS,1
5.885,118.05887,LTE,3
4.54765,101.06117,UMTS,1
3.83894,103.19123,UMTS,1
1.51344,110.32376,UMTS,1
6.18704,102.17868,UMTS,1
1.42067,103.64708,LTE,1
2.28212,102.21503,UMTS,5
6.01848,102.27595,LTE,1
5.42107,100.58327,LTE,1
5.04753,103.11287,UMTS,1
3.18275,101.62414,LTE,8
2.08488,102.9039,LTE,1
4.2524,117.91557,UMTS,1
2.10102,102.5628,UMTS,1
5.58723,100.4734,GSM,1
2.92161,101.69362,UMTS,1
5.27887,100.48141,UMTS,1
5.28637,100.28804,UMTS,4
2.94805,101.70288,LTE,2
3.12286,101.76567,UMTS,1
1.52297,103.81488,UMTS,3
5.83993,118.10541,LTE,1
3.11089,101.45908,UMTS,2
6.12103,102.29414,LTE,3
2.71463,101.89589,UMTS,1
4.20008,101.26207,UMTS,2
5.26588,100.46242,GSM,1
6.32399,99.81074,UMTS,3
2.971,101.79035,LTE,6
2.73709,101.87972,UMTS,1
2.86949,101.85219,UMTS,1
1.63353,110.33913,UMTS,2
3.14621,101.76086,GSM,1
2.48703,102.81212,GSM,1
1.49827,110.30703,LTE,2
3.4449,102.3658,UMTS,1
3.78548,102.37137,UMTS,1
1.535,103.7851,LTE,2
6.00014,116.13991,UMTS,1
4.63403,101.0899,GSM,3
5.63685,100.48825,LTE,5
3.54371,113.30792,UMTS,1
3.06291,101.5653,UMTS,2
3.02527,101.55272,UMTS,1
5.3928,100.27634,UMTS,1
1.54417,110.33905,LTE,7
6.07435,100.35837,UMTS,1
2.48818,102.85526,UMTS,1
2.90382,101.80412,LTE,1
5.56092,100.3761,GSM,1
3.00287,101.51553,UMTS,1
3.13312,101.68718,UMTS,45
2.63416,101.67953,UMTS,1
4.7921,100.7563,UMTS,1
3.78944,103.31504,GSM,1
4.27311,117.8863,UMTS,1
1.45425,110.3899,UMTS,1
2.79881,101.66472,UMTS,1
3.10975,101.52468,UMTS,1
3.68065,101.87462,UMTS,1
3.06581,101.46017,LTE,3
3.1804,101.63246,GSM,1
3.22243,101.58769,GSM,1
3.07895,101.54953,LTE,1
6.41396,100.18227,UMTS,1
3.14591,101.76484,UMTS,3
3.12621,101.6173,GSM,7
2.29838,102.59895,UMTS,1
3.02002,101.417,UMTS,3
1.56027,103.77518,LTE,3
2.43297,101.86272,UMTS,1
3.17585,101.67773,LTE,5
3.22585,101.64328,UMTS,2
5.10246,115.56038,GSM,3
3.16589,113.0452,UMTS,1
6.16056,116.21972,LTE,1
3.1706,101.72481,UMTS,1
3.09586,101.5629,LTE,4
4.70537,101.11235,LTE,1
2.80329,101.4984,UMTS,1
3.06874,101.48698,LTE,7
5.3421,100.28458,GSM,1
2.54814,102.05544,GSM,1
5.40066,100.29439,UMTS,4
3.19172,101.76679,UMTS,1
2.82026,103.43796,UMTS,1
1.42259,103.61082,GSM,1
3.25581,101.66296,UMTS,2
4.84346,101.94782,UMTS,1
3.20036,101.70926,LTE,10
2.25077,102.49765,GSM,1
3.07801,101.55397,LTE,6
3.08578,101.49925,UMTS,1
1.94585,102.89032,UMTS,1
6.11801,102.29439,LTE,1
6.12203,102.23984,GSM,4
3.26811,101.30225,LTE,1
3.04678,101.62124,UMTS,16
2.43338,101.86079,UMTS,1
3.07412,101.44868,UMTS,2
4.24998,117.88499,UMTS,2
2.8679,111.88566,UMTS,1
5.65783,100.4819,LTE,1
3.30515,101.28703,UMTS,2
2.98326,101.79102,UMTS,1
2.93752,101.73449,LTE,1
3.81294,100.81398,UMTS,1
5.42102,118.14299,UMTS,2
4.6862,101.15645,UMTS,1
5.25352,100.36079,UMTS,1
4.26866,117.97864,UMTS,1
6.038,102.21007,GSM,1
1.46461,103.88912,LTE,2
5.7795,102.21611,LTE,2
2.2575,102.27788,UMTS,1
1.58818,103.85497,UMTS,1
4.27437,101.24794,GSM,1
6.31371,99.71947,LTE,1
6.36314,100.37727,UMTS,1
3.07137,101.5471,LTE,3
2.93474,101.84986,UMTS,1
6.08083,116.15487,UMTS,1
3.06129,101.71511,UMTS,1
3.62068,101.57341,GSM,1
3.06316,101.70336,UMTS,4
4.63192,103.34808,UMTS,1
2.96219,101.79382,GSM,1
5.62386,100.62676,GSM,1
5.54643,100.38174,UMTS,1
4.10957,100.79063,UMTS,1
4.80303,100.71642,UMTS,3
2.234,103.09914,GSM,1
1.4523,103.89613,UMTS,1
2.91911,101.75488,LTE,1
6.06462,102.31996,UMTS,1
3.15239,101.58714,UMTS,1
6.49964,100.48464,UMTS,1
2.81018,101.50077,UMTS,1
3.35152,101.28845,UMTS,1
3.7254,102.97314,GSM,1
5.83254,102.15282,UMTS,1
6.04015,102.31722,UMTS,1
5.41506,100.55092,UMTS,3
3.19323,101.66453,LTE,1
1.49516,103.78582,UMTS,3
6.17632,116.1788,UMTS,1
2.69398,101.92101,UMTS,3
6.11889,102.25212,UMTS,5
1.94504,103.00518,UMTS,1
4.63011,101.09818,UMTS,2
3.49101,101.5328,LTE,1
1.85625,102.99827,UMTS,2
5.35508,100.30575,UMTS,3
1.73196,103.9042,GSM,4
1.54692,103.6229,UMTS,2
5.9128,100.42809,LTE,3
3.2362,101.71896,LTE,5
4.36455,103.46225,UMTS,1
3.03497,101.77185,LTE,2
2.17323,103.86681,GSM,1
2.98588,101.46007,LTE,2
5.93056,102.18452,UMTS,1
3.00819,101.586,UMTS,2
4.01344,103.28178,UMTS,1
2.08787,102.93582,GSM,2
3.07277,101.48713,UMTS,2
3.38764,101.56075,UMTS,1
3.04927,101.64004,UMTS,4
5.11875,100.76526,GSM,1
3.05274,101.67448,UMTS,1
6.10345,100.36798,UMTS,1
3.57811,102.74895,GSM,1
4.58304,101.14102,UMTS,1
5.84129,118.06801,UMTS,1
6.11904,102.24394,UMTS,6
2.02144,103.28677,UMTS,3
2.81445,101.73772,LTE,1
2.49718,102.80122,UMTS,1
3.06915,101.51592,UMTS,2
5.22642,100.3562,GSM,1
3.32489,101.28168,UMTS,1
6.41945,100.29625,UMTS,1
2.83241,101.82335,UMTS,3
1.99501,102.79152,UMTS,1
4.4169,117.49819,UMTS,1
5.87563,100.46512,UMTS,1
1.17897,110.46822,UMTS,2
3.00049,101.51535,LTE,1
3.24165,101.45874,UMTS,1
1.54008,103.76069,GSM,2
6.04296,116.1642,LTE,1
5.35913,115.22332,UMTS,2
2.82235,101.86575,GSM,1
2.5042,101.85493,UMTS,1
3.21226,101.71199,LTE,4
2.19383,103.21999,UMTS,1
4.15756,100.71404,UMTS,1
4.80041,100.93733,UMTS,1
3.86509,102.53578,UMTS,1
2.81118,101.47397,UMTS,1
4.19182,100.65481,UMTS,1
5.68153,100.76363,GSM,1
2.21811,102.33462,LTE,1
2.72152,101.75812,UMTS,1
6.36498,100.19829,UMTS,1
3.14293,101.69576,UMTS,18
4.75802,103.41866,LTE,1
1.50755,103.69756,UMTS,1
2.85617,102.35542,LTE,1
4.42055,117.76603,UMTS,1
5.80833,118.04604,GSM,1
1.2182,111.48016,UMTS,1
3.43546,102.39966,LTE,1
3.15206,101.74378,UMTS,2
2.12736,102.56874,UMTS,1
1.48293,103.58577,GSM,1
6.13311,102.25,UMTS,7
3.08647,101.55556,GSM,1
4.60827,101.13101,LTE,2
1.54928,103.37367,UMTS,1
2.37298,102.20426,UMTS,1
3.08441,101.50818,UMTS,1
2.67586,101.87553,UMTS,2
6.39865,100.13137,UMTS,1
2.80484,101.69824,UMTS,4
3.04846,101.41656,LTE,1
3.14997,101.64486,UMTS,2
3.81906,103.27836,UMTS,1
3.36413,101.77924,GSM,1
3.7635,103.20076,UMTS,3
1.4193,103.64433,UMTS,2
1.57253,110.36514,LTE,1
6.26402,100.43798,UMTS,2
2.9905,101.62693,UMTS,1
3.14207,101.73374,LTE,2
5.23092,100.49262,UMTS,2
5.14298,100.46933,UMTS,2
1.61293,110.35423,GSM,2
4.49053,118.56948,UMTS,1
3.08784,101.57204,UMTS,1
2.65348,101.7048,UMTS,1
1.50993,103.81874,UMTS,1
2.29395,102.27746,LTE,1
4.52254,101.08288,UMTS,1
1.46062,103.59207,UMTS,1
6.0013,100.48042,LTE,1
5.27962,102.89726,UMTS,1
3.05214,101.45805,UMTS,1
3.20194,101.48299,UMTS,4
2.65526,101.70387,UMTS,1
2.50487,102.81834,LTE,3
3.34808,101.58508,UMTS,1
6.41214,100.30279,UMTS,1
5.53368,102.73247,LTE,1
5.46666,100.31181,UMTS,1
2.80263,101.42086,UMTS,1
2.78366,101.81511,GSM,1
3.05523,101.67499,LTE,3
2.67036,101.99913,GSM,1
2.07276,102.54289,GSM,1
6.03355,116.04515,UMTS,1
2.38246,102.39138,UMTS,1
3.14892,101.74484,LTE,5
3.0407,101.67091,UMTS,1
2.10182,102.84508,UMTS,1
2.4451,102.17905,GSM,3
3.02055,101.69975,UMTS,1
6.17458,100.40188,UMTS,1
2.92992,101.67641,UMTS,1
5.43343,103.05519,GSM,1
1.56349,103.68279,UMTS,1
3.98186,101.08315,UMTS,1
3.28324,101.52601,LTE,1
4.46938,118.46214,GSM,1
2.8884,101.90877,GSM,1
4.77699,103.22548,UMTS,1
3.94688,103.35973,GSM,1
2.9511,101.61791,LTE,2
2.38609,102.36031,GSM,1
5.26067,103.0876,UMTS,1
2.81182,101.80987,UMTS,2
6.40434,100.13283,UMTS,1
2.30808,102.42967,GSM,1
3.80294,101.86887,UMTS,1
2.25917,102.15998,UMTS,1
1.54139,103.7439,UMTS,1
3.08407,101.68611,UMTS,2
3.16098,101.73607,LTE,5
2.92203,101.75823,UMTS,4
1.53871,103.71123,LTE,3
3.15683,101.56013,UMTS,3
3.66598,101.51788,UMTS,1
3.53002,103.44864,LTE,1
3.50121,101.91811,UMTS,3
4.61962,101.10884,UMTS,1
1.53306,103.74205,UMTS,1
1.558,103.57979,GSM,1
5.16674,102.0074,UMTS,1
6.30026,99.74436,UMTS,1
2.10869,102.80937,UMTS,1
4.26163,103.27768,UMTS,1
2.36705,102.24497,LTE,2
1.49071,103.68553,GSM,2
2.47954,102.35066,UMTS,1
4.82621,100.74338,UMTS,1
3.00593,101.66899,UMTS,2
2.96288,101.70662,UMTS,1
5.94906,116.05721,LTE,1
4.77562,102.00085,GSM,2
3.19373,101.51702,UMTS,1
2.34095,102.26905,GSM,3
3.20874,101.74791,UMTS,21
3.11806,101.81099,UMTS,1
4.58033,101.09932,LTE,1
5.87867,116.09587,UMTS,1
4.83635,100.62966,LTE,1
6.08699,116.18376,UMTS,5
3.24015,101.43265,UMTS,1
3.15994,101.7334,UMTS,1
5.51295,100.44047,LTE,1
2.62436,101.87965,UMTS,1
2.83997,101.7897,LTE,1
3.12642,101.33004,UMTS,1
5.79223,102.13268,GSM,1
6.04407,102.36211,UMTS,1
3.68248,102.60475,UMTS,1
2.12982,102.48329,GSM,1
5.27412,103.08403,GSM,1
5.45805,100.63864,UMTS,1
1.57114,110.30369,LTE,1
1.86138,103.03403,UMTS,1
2.40944,103.01537,UMTS,1
4.19402,100.76321,GSM,1
5.39931,100.40196,GSM,3
3.10065,101.41203,UMTS,1
3.94506,102.37071,UMTS,1
3.05317,101.74164,GSM,1
5.29472,103.1678,UMTS,1
3.2851,101.73019,LTE,1
3.11695,101.58591,GSM,4
3.00751,101.38458,LTE,1
5.17216,103.22774,LTE,2
2.70435,101.94969,GSM,1
3.02124,101.58462,UMTS,1
2.52972,101.80199,UMTS,1
1.49976,111.29174,GSM,1
1.5277,103.8038,UMTS,1
1.5922,110.41694,UMTS,1
1.46217,103.90912,LTE,1
5.39151,103.08582,LTE,1
2.71706,101.93733,UMTS,1
2.25288,102.50794,UMTS,1
1.4962,103.43834,UMTS,1
3.73054,102.97142,UMTS,1
2.96562,102.97279,UMTS,1
2.95326,101.69563,UMTS,1
2.26997,102.43721,GSM,1
5.59266,102.21477,UMTS,1
1.5161,103.68574,LTE,2
3.78925,103.15594,GSM,1
3.68935,102.53471,UMTS,2
6.02232,102.2422,UMTS,1
3.03703,101.79451,UMTS,2
5.83501,102.39183,UMTS,2
2.03316,103.34633,UMTS,1
6.4579,116.77162,UMTS,1
1.52618,103.77509,GSM,9
5.39849,100.43204,GSM,1
2.97668,101.59126,UMTS,2
5.33119,100.29783,UMTS,4
1.50628,103.89916,UMTS,1
3.21301,101.63383,GSM,9
1.51131,103.86131,UMTS,1
1.50158,103.88761,LTE,2
4.23016,113.96754,UMTS,1
6.20221,100.39993,UMTS,1
2.97386,102.37404,UMTS,2
6.15233,100.42491,LTE,1
6.35765,99.77083,UMTS,1
3.02822,101.41254,UMTS,1
5.97038,102.07329,GSM,1
5.28541,100.25986,UMTS,1
5.42623,100.31459,UMTS,1
5.16682,102.82892,UMTS,1
4.55589,101.05843,UMTS,1
5.3783,100.53109,GSM,3
6.18599,100.3759,UMTS,1
6.1501,100.42596,LTE,1
3.23289,101.67705,UMTS,2
3.10454,101.46485,GSM,1
1.47119,103.78303,GSM,10
2.01881,103.32298,UMTS,1
3.00533,101.6918,GSM,5
3.8459,103.33809,LTE,4
3.64952,102.69264,GSM,1
3.14125,101.73416,LTE,4
2.59091,102.54845,GSM,1
5.30159,100.28389,LTE,2
3.0462,101.65386,GSM,2
5.34004,100.28252,UMTS,2
5.65253,100.47984,UMTS,1
4.31419,101.1422,GSM,1
4.50726,103.44279,UMTS,1
1.566,103.77712,LTE,1
3.05626,101.53633,UMTS,1
1.61568,103.69514,UMTS,1
3.01207,101.71628,LTE,2
5.92685,116.08816,GSM,2
1.4772,103.64021,LTE,2
3.15512,101.60815,LTE,3
2.25288,102.47841,UMTS,2
4.59223,101.07792,UMTS,3
5.74806,102.47642,UMTS,1
5.80897,102.00086,LTE,2
2.19795,102.54707,GSM,1
5.35487,100.34068,UMTS,2
4.53941,101.06667,UMTS,2
5.09009,100.43364,GSM,1
3.04994,101.45399,UMTS,2
2.21169,102.61826,UMTS,3
2.23163,102.23056,UMTS,1
1.83951,103.65522,UMTS,1
2.79465,101.81202,UMTS,1
5.92317,116.0804,LTE,1
3.02197,101.77257,UMTS,12
2.70195,101.96342,UMTS,1
3.0693,101.59744,UMTS,1
4.89647,100.66566,UMTS,1
5.1118,100.48618,LTE,1
1.49804,103.85466,UMTS,1
6.11129,102.28132,UMTS,1
2.85594,101.69275,LTE,2
2.93186,101.45903,LTE,2
2.74881,101.95826,LTE,2
3.01296,101.75132,UMTS,2
4.13876,103.40126,LTE,1
6.27382,100.42121,UMTS,1
2.95326,101.84532,LTE,3
2.10405,112.15349,UMTS,1
5.34691,100.33058,GSM,1
6.06651,116.17973,UMTS,1
3.09072,101.62057,UMTS,1
3.71968,101.07867,UMTS,1
2.21072,102.2317,UMTS,1
1.48933,103.76106,UMTS,1
3.63991,101.02959,GSM,4
2.90152,101.46671,LTE,1
3.7099,101.56469,LTE,1
3.63304,101.57478,UMTS,1
5.77952,102.21804,LTE,1
1.613,110.33615,UMTS,2
2.69344,101.9547,UMTS,1
3.99284,100.94856,LTE,2
3.54407,102.63788,GSM,1
1.04301,110.74287,UMTS,1
3.532,103.38549,GSM,1
6.02167,116.60957,UMTS,1
3.01794,101.41398,LTE,4
3.19672,101.85079,UMTS,1
2.8585,101.67572,UMTS,1
5.43892,100.51735,UMTS,1
5.38193,100.3981,UMTS,2
2.81213,101.8012,LTE,4
3.04115,101.69907,UMTS,1
2.99346,101.54716,UMTS,2
2.22816,102.17628,UMTS,1
3.05696,101.66504,LTE,2
3.02713,101.58021,UMTS,15
5.41905,100.30202,LTE,1
3.07129,101.49102,GSM,11
2.08191,102.55257,UMTS,1
4.63028,103.43344,UMTS,1
6.05192,102.29862,UMTS,1
2.41763,102.20498,UMTS,1
3.81091,103.32342,GSM,2
5.85338,100.4571,UMTS,1
1.52094,103.61057,UMTS,1
3.20662,101.63775,LTE,1
2.06916,102.58025,UMTS,2
4.47227,100.9131,GSM,1
6.11926,102.29021,LTE,1
4.72107,101.09292,UMTS,1
1.41584,111.52391,GSM,1
2.91756,101.83159,UMTS,1
3.16993,101.56469,UMTS,2
3.127,101.55682,UMTS,1
1.47972,103.77434,UMTS,1
1.59576,103.8208,GSM,1
2.58416,102.70381,GSM,1
3.55064,102.54021,UMTS,2
2.79583,101.50003,UMTS,1
3.81157,101.89201,UMTS,1
6.19011,116.26625,UMTS,1
2.21022,102.22457,UMTS,1
2.14439,102.49901,UMTS,1
4.80583,101.08932,LTE,1
3.01231,101.61324,UMTS,3
3.91249,100.73295,UMTS,1
2.92717,112.53914,UMTS,1
3.28219,101.29195,UMTS,1
3.14598,101.62285,LTE,2
3.31399,101.37422,UMTS,1
3.12767,101.62834,GSM,5
3.67456,101.52674,UMTS,1
3.08793,101.64075,UMTS,7
3.21129,101.73689,LTE,2
1.5576,110.35528,LTE,1
1.57564,103.8818,UMTS,1
5.81245,100.49126,UMTS,1
2.23082,102.25583,LTE,4
2.96974,101.65443,UMTS,1
3.20709,101.56106,LTE,2
4.26048,117.89689,LTE,1
3.0295,101.76469,UMTS,1
5.2705,115.23876,UMTS,1
5.46584,100.28595,UMTS,1
3.80788,101.43437,UMTS,1
4.59827,101.10294,LTE,2
6.35216,99.88152,UMTS,1
5.50692,100.443,UMTS,2
1.52916,110.38307,UMTS,1
4.32793,101.14082,LTE,1
5.9572,102.26141,UMTS,1
5.36613,100.38414,LTE,1
3.00682,101.51436,UMTS,1
3.30345,101.37428,UMTS,1
4.27437,117.90733,UMTS,1
3.08784,101.56242,GSM,3
3.10889,101.58422,UMTS,2
3.19908,101.50887,UMTS,1
3.90512,100.94015,UMTS,2
5.42277,100.32383,GSM,3
2.71924,101.90866,UMTS,1
3.60132,113.67148,UMTS,1
1.92004,102.94278,LTE,4
2.08006,103.49717,UMTS,1
6.01021,100.38414,UMTS,1
3.21255,101.51389,UMTS,1
3.16334,101.70234,LTE,11
2.9718,101.5329,UMTS,1
1.50993,103.50014,UMTS,1
2.975,101.77886,LTE,2
5.32768,116.15227,UMTS,2
2.79121,102.57866,UMTS,1
1.53467,103.58708,UMTS,1
4.58491,101.05423,UMTS,3
6.45103,100.4995,GSM,1
2.87769,101.78498,GSM,3
5.96203,102.26682,UMTS,1
3.01643,103.13759,UMTS,1
5.28008,115.25149,UMTS,1
1.55525,104.04121,GSM,1
3.2011,101.73318,UMTS,6
6.13407,100.38137,UMTS,2
3.52477,102.59531,GSM,1
2.28915,103.03912,LTE,1
3.01231,101.69861,UMTS,1
1.49766,110.35825,UMTS,1
2.95326,101.85204,GSM,3
4.77699,100.80162,UMTS,3
6.52061,100.22419,GSM,1
3.14869,113.08968,UMTS,2
1.46049,103.65257,UMTS,1
1.69213,103.65247,UMTS,1
2.807,101.48468,UMTS,1
4.40964,113.99483,UMTS,1
5.42793,100.48439,GSM,1
1.55113,103.77342,UMTS,2
2.7654,101.98636,GSM,1
2.97008,101.57753,GSM,2
3.12111,101.66784,UMTS,2
4.21656,103.41295,UMTS,1
4.90022,100.70816,UMTS,1
5.38228,100.39681,LTE,1
2.90567,101.63459,GSM,1
3.04332,101.73018,LTE,1
5.3793,100.55261,UMTS,1
4.24553,100.67665,GSM,1
5.96901,100.55855,GSM,1
2.99721,101.81099,LTE,1
3.13797,101.48689,UMTS,1
3.12914,101.66807,UMTS,6
2.71152,101.95532,UMTS,1
4.57604,101.04683,GSM,1
3.232,101.41999,GSM,3
2.36,102.80663,GSM,1
3.15652,101.72171,UMTS,24
1.55451,104.22843,LTE,1
3.16609,101.32092,UMTS,4
3.27187,101.55006,UMTS,1
5.79735,100.43633,GSM,1
3.12144,101.77163,UMTS,1
2.14347,102.40027,UMTS,1
3.02168,101.38407,UMTS,1
3.03615,101.5476,LTE,1
5.29472,101.0598,GSM,1
1.67194,110.11774,UMTS,1
4.30595,113.9708,GSM,1
1.5731,103.86543,GSM,1
3.00692,101.62015,UMTS,3
3.13184,101.71616,GSM,16
5.6823,100.98567,UMTS,1
4.87724,116.49422,UMTS,1
3.72997,100.97346,LTE,1
6.14479,116.25938,UMTS,1
2.86606,101.67431,UMTS,2
1.50581,103.84689,UMTS,1
1.50032,110.36247,LTE,1
1.47086,103.76411,LTE,6
3.15964,101.54749,UMTS,1
3.16311,101.69429,UMTS,4
1.48521,110.41878,GSM,1
3.12889,101.6259,UMTS,2
2.37991,103.84552,GSM,1
3.22213,101.71193,UMTS,3
6.11601,102.22079,LTE,1
3.10582,101.59603,GSM,4
1.46915,103.96702,LTE,1
2.94077,101.84451,UMTS,1
6.08056,102.2856,UMTS,1
2.96231,101.78938,UMTS,2
3.13866,101.66954,UMTS,1
3.00545,101.50475,UMTS,1
3.00085,101.39272,UMTS,1
2.82143,101.93871,UMTS,2
2.12654,111.53526,GSM,1
3.07823,101.52946,UMTS,6
6.10012,116.2022,LTE,2
6.1912,102.16735,UMTS,1
5.59508,100.54148,GSM,1
6.04464,116.14958,UMTS,1
1.72966,103.81462,UMTS,1
4.34677,101.12194,UMTS,2
6.15144,102.30978,LTE,1
2.34489,102.10625,UMTS,1
3.05428,101.67426,LTE,1
3.05292,101.66716,UMTS,2
5.63805,100.50499,UMTS,1
4.08902,103.29081,UMTS,1
5.12993,115.63866,GSM,1
3.78312,100.97518,GSM,1
5.9425,116.06919,UMTS,1
2.93396,101.75477,UMTS,9
2.66212,102.01149,GSM,3
2.99792,101.61307,UMTS,5
3.15376,101.55006,UMTS,5
4.83128,100.70249,LTE,1
3.15971,101.64485,UMTS,1
4.05258,103.30788,GSM,1
4.71375,103.39781,UMTS,1
3.03703,101.61255,UMTS,1
3.19449,101.6836,UMTS,1
2.68806,101.9829,UMTS,2
2.69399,101.97969,UMTS,2
3.08095,101.52821,GSM,4
2.08946,103.04146,GSM,1
2.26344,102.25303,UMTS,1
6.05001,102.12988,UMTS,3
3.09936,101.39667,UMTS,2
5.69503,100.51112,UMTS,1
1.59233,103.80226,UMTS,4
2.94548,101.76659,UMTS,1
1.60313,110.33922,GSM,2
2.14095,102.4017,UMTS,1
5.91129,102.19535,UMTS,1
2.92135,101.32885,GSM,1
5.25844,103.14292,LTE,1
3.01781,101.71486,GSM,1
5.38333,100.54154,LTE,1
2.88803,103.23921,GSM,1
5.91408,116.16737,UMTS,1
2.09221,102.59789,GSM,1
3.22628,101.68749,LTE,1
3.78631,103.33095,LTE,1
2.83381,101.66092,GSM,2
1.48704,110.22667,UMTS,2
3.54378,103.38341,GSM,1
1.87894,104.11962,UMTS,1
5.27831,103.1295,UMTS,1
6.16264,100.4377,UMTS,1
2.53304,112.33315,GSM,1
3.30916,101.31982,LTE,2
5.80969,101.99625,UMTS,1
3.1826,101.65718,LTE,1
3.55202,103.37791,UMTS,1
3.10298,101.64775,GSM,8
5.37551,100.30107,UMTS,1
5.59822,102.81349,GSM,1
3.09929,101.68144,LTE,1
1.44539,103.62442,UMTS,1
2.92637,101.87002,UMTS,1
3.19495,101.69886,GSM,11
1.52617,103.63197,LTE,3
3.29981,101.50127,UMTS,1
5.6917,102.21195,UMTS,3
1.61117,103.66394,LTE,2
3.67699,102.87117,UMTS,1
5.86228,116.09543,UMTS,1
5.35895,100.40434,UMTS,3
5.90189,102.23918,UMTS,1
3.36085,113.61521,UMTS,1
5.20889,100.48164,UMTS,1
4.09584,103.3911,GSM,1
5.2549,103.17055,LTE,5
3.01918,101.71091,UMTS,4
5.98824,102.25491,GSM,1
6.27251,100.22072,UMTS,2
5.63393,100.48302,LTE,1
3.07188,101.76408,LTE,1
2.22832,102.2903,UMTS,1
1.47697,103.82011,UMTS,1
3.01366,101.69994,UMTS,4
6.1227,100.36608,UMTS,3
3.07987,101.61713,UMTS,5
3.75288,101.4972,UMTS,1
2.92849,101.6617,UMTS,1
2.96064,101.34562,UMTS,1
5.49385,100.48439,UMTS,1
4.81612,100.70887,GSM,1
3.12721,101.64711,GSM,1
6.08673,102.24482,GSM,1
2.16266,102.42293,UMTS,1
3.15177,101.61691,LTE,3
3.81314,103.3055,UMTS,1
1.85073,103.61672,GSM,2
2.82413,101.69403,UMTS,1
2.91794,101.84227,LTE,1
5.28188,115.2451,UMTS,3
5.82344,100.4734,UMTS,1
5.43488,100.47655,LTE,1
3.18969,101.67632,UMTS,1
3.34824,103.0006,UMTS,1
3.05489,101.41685,GSM,1
4.25148,100.65742,GSM,1
1.08121,110.37666,UMTS,1
5.44204,100.30541,GSM,1
3.40782,101.78215,UMTS,1
4.85321,100.71854,LTE,1
5.98422,116.10727,UMTS,1
5.30846,100.46791,UMTS,2
4.78245,100.72146,LTE,1
2.05376,102.61436,UMTS,1
3.062,101.55513,UMTS,3
3.46802,101.53908,LTE,3
3.08711,101.62192,UMTS,2
3.04253,101.52809,UMTS,1
3.61196,101.88644,UMTS,1
6.19972,100.28114,UMTS,1
3.16085,101.69417,UMTS,7
2.44574,102.20673,GSM,1
6.42632,99.67827,UMTS,1
1.70082,111.42952,GSM,2
2.36388,102.05559,UMTS,1
1.47835,103.40675,LTE,1
5.41003,100.4119,UMTS,2
2.60134,102.08573,UMTS,1
2.31072,111.83598,UMTS,2
3.44913,101.66368,LTE,1
3.13728,101.44157,UMTS,1
2.80907,101.90437,LTE,1
1.49762,110.34429,UMTS,1
2.84896,101.78052,UMTS,1
3.02605,101.5432,GSM,5
3.80333,101.4402,UMTS,1
5.88296,117.99779,LTE,1
2.99465,101.74195,LTE,1
6.21346,102.11449,LTE,1
1.49676,103.703,LTE,2
3.06586,101.49628,UMTS,1
6.1182,100.38067,UMTS,1
5.68074,100.49287,UMTS,3
5.78079,102.12564,UMTS,1
5.55987,100.56899,UMTS,1
1.56898,103.74321,UMTS,1
3.16286,101.7618,UMTS,1
4.24928,100.71525,UMTS,1
6.13738,102.36077,GSM,1
6.17104,100.41213,UMTS,1
1.49073,103.6993,UMTS,1
5.43344,103.0608,UMTS,1
3.04115,101.62422,LTE,6
5.89068,116.06848,LTE,1
3.26835,101.65263,UMTS,1
5.26634,103.16529,UMTS,1
5.45602,100.21492,UMTS,2
2.1389,102.71324,LTE,1
2.98027,101.82083,LTE,2
4.76987,100.7243,LTE,1
2.81686,101.505,LTE,1
6.26372,100.43468,LTE,1
1.46324,103.65944,UMTS,1
2.89715,101.70248,UMTS,1
3.10017,101.6324,UMTS,9
2.9437,101.70506,UMTS,2
2.22359,102.22847,UMTS,1
3.11787,101.57339,LTE,1
6.17988,102.18104,UMTS,1
1.4822,103.94911,UMTS,3
3.06175,103.09639,UMTS,1
4.72206,103.42186,UMTS,1
5.33807,100.27895,LTE,6
3.18947,113.09538,UMTS,1
1.71867,103.90663,UMTS,1
1.58134,111.4563,GSM,1
3.06722,101.78661,UMTS,1
2.99583,101.50475,UMTS,1
3.15841,101.55767,UMTS,1
6.21117,100.29076,GSM,1
3.16729,101.58281,LTE,3
3.57674,101.07353,GSM,1
3.10799,101.44503,UMTS,1
1.4961,103.87203,UMTS,3
1.86019,102.93404,UMTS,1
4.59963,101.06205,UMTS,3
1.47836,103.76113,LTE,4
3.01231,101.43883,GSM,1
2.31103,111.8295,UMTS,1
3.43254,102.01424,UMTS,1
4.93629,103.18428,UMTS,1
5.40466,100.28915,UMTS,7
1.49208,103.55232,UMTS,1
5.6559,100.38139,UMTS,1
1.60402,103.71715,UMTS,1
3.01789,101.71773,GSM,23
3.11284,101.44942,UMTS,1
3.78752,103.31798,LTE,1
4.24628,117.90238,UMTS,1
2.91412,101.69907,UMTS,1
6.10975,102.23892,UMTS,1
3.12861,101.46729,UMTS,1
1.51962,103.77581,UMTS,1
5.33301,103.13603,LTE,9
4.03196,101.31358,UMTS,1
2.57423,101.85493,UMTS,1
1.35515,104.15091,LTE,2
4.66438,101.16005,UMTS,2
2.97615,101.6906,UMTS,1
4.50842,101.40578,UMTS,2
3.0715,101.61977,UMTS,1
5.1591,100.48102,LTE,1
5.75359,116.36546,UMTS,1
3.02109,101.74674,UMTS,1
3.10976,101.6258,UMTS,3
1.94908,102.86765,GSM,1
2.93901,101.77687,LTE,2
5.75186,102.52385,UMTS,1
4.41195,100.89213,GSM,1
3.27049,101.49788,UMTS,1
1.75575,103.9904,GSM,1
3.13272,101.4344,LTE,1
3.81213,103.36403,UMTS,1
4.89304,115.20332,UMTS,1
5.51308,100.54344,UMTS,1
3.1812,101.74331,UMTS,2
1.68321,104.01144,UMTS,1
2.97112,101.75262,UMTS,1
1.46194,103.76512,UMTS,14
1.92805,102.85208,UMTS,1
4.35996,101.12593,LTE,1
4.71405,103.40689,UMTS,3
2.82967,101.89339,UMTS,1
5.35789,100.46928,LTE,1
5.02746,118.29772,UMTS,1
3.07007,101.55204,LTE,2
5.6534,100.50237,LTE,1
1.53187,103.74726,LTE,5
5.56252,100.44182,UMTS,1
2.75349,101.69072,GSM,1
2.24987,102.30576,UMTS,3
1.38496,103.60588,UMTS,1
5.28374,115.20058,UMTS,1
5.45054,100.41138,UMTS,2
5.43578,100.29395,GSM,1
6.4137,100.43191,UMTS,1
2.26765,102.3119,LTE,1
4.53964,101.10558,GSM,1
1.44527,103.63018,UMTS,1
5.3773,100.54215,UMTS,2
2.96267,101.53326,UMTS,1
3.05102,103.10715,UMTS,1
4.19609,100.69862,UMTS,1
4.88733,100.7394,UMTS,1
3.32336,101.58783,UMTS,1
3.12561,101.43608,GSM,1
3.03586,101.79794,UMTS,3
2.91348,101.6552,UMTS,1
3.37778,101.23437,UMTS,1
1.50844,110.33084,UMTS,1
1.52101,103.92693,LTE,2
3.06013,101.63714,UMTS,4
3.03429,101.74394,UMTS,2
3.86101,103.36091,UMTS,1
3.09371,101.45517,UMTS,4
6.27925,100.42009,LTE,2
2.86008,101.67514,UMTS,2
6.12282,100.40337,UMTS,1
6.52107,100.41985,UMTS,3
3.15102,101.69293,UMTS,49
5.82073,116.03888,UMTS,1
2.97573,101.57895,UMTS,1
2.29752,111.82503,GSM,1
2.79642,101.67285,LTE,1
3.1002,101.60774,GSM,9
3.26637,101.55968,UMTS,1
1.78322,103.46718,UMTS,1
3.02412,101.54505,UMTS,3
3.03998,101.63692,LTE,4
6.44503,100.20338,UMTS,1
3.82805,103.35457,UMTS,1
1.68321,103.50852,UMTS,1
1.51517,103.81874,LTE,2
1.94489,103.1482,UMTS,1
2.67723,101.91811,UMTS,1
2.95983,101.81603,LTE,1
5.09959,100.47916,LTE,1
5.70615,117.57615,UMTS,1
1.54612,103.76099,UMTS,3
4.45011,101.16997,LTE,1
1.55199,103.82108,UMTS,1
3.02509,101.72795,LTE,3
3.62895,101.01635,UMTS,1
2.71701,101.95094,UMTS,3
5.63118,100.46379,GSM,2
2.65663,101.73031,UMTS,1
1.54167,103.79603,LTE,3
4.83218,101.96214,UMTS,2
2.97942,101.67905,UMTS,1
3.1712,101.64784,UMTS,1
2.49527,102.1859,UMTS,1
5.01512,118.26908,UMTS,1
4.66576,118.24104,UMTS,1
6.11504,102.20845,GSM,1
4.35265,100.87852,GSM,1
1.57083,110.34925,LTE,1
3.12012,101.73672,GSM,2
5.35789,115.22942,UMTS,1
4.46212,114.04045,UMTS,1
6.14891,100.39912,LTE,5
5.86469,102.50332,UMTS,1
5.34501,100.29409,UMTS,2
5.93948,102.34726,GSM,1
4.47275,101.37488,LTE,2
3.15921,101.50962,UMTS,1
1.29158,110.41603,LTE,1
3.11824,101.6399,LTE,4
1.4555,103.91022,LTE,1
3.10295,101.68327,UMTS,2
3.16475,101.60728,UMTS,1
3.09384,101.48422,LTE,3
6.35902,99.73732,LTE,1
6.05378,102.10032,UMTS,1
5.62791,100.79909,UMTS,1
3.1962,101.62544,LTE,1
5.64486,102.50175,GSM,2
2.01513,103.32867,UMTS,1
3.8158,103.33961,UMTS,2
2.95189,101.68327,UMTS,2
5.66002,117.04628,UMTS,1
5.26566,115.23234,UMTS,1
3.20287,101.48412,UMTS,2
4.59916,101.08216,UMTS,3
3.09334,101.50887,LTE,8
4.2057,100.69313,UMTS,3
3.02204,101.59212,UMTS,3
3.5717,101.89842,GSM,1
3.08677,101.59137,LTE,1
3.44078,101.89613,UMTS,1
6.13194,102.25101,LTE,1
1.4799,103.74229,UMTS,3
1.4988,110.35135,LTE,1
3.15608,101.71382,LTE,3
4.48778,101.07722,UMTS,1
5.90446,100.43324,GSM,1
4.972,100.60799,UMTS,1
2.69715,101.99801,UMTS,2
2.94894,101.71893,UMTS,1
3.36692,101.61049,GSM,2
1.5799,103.87422,UMTS,1
6.41121,100.28114,UMTS,2
2.20099,102.22798,LTE,4
5.40184,100.4377,UMTS,1
3.13736,101.55127,LTE,3
6.24367,100.45418,GSM,2
4.86626,100.70137,LTE,1
4.82208,100.67688,UMTS,3
1.77528,104.0823,UMTS,1
1.65807,103.84385,UMTS,3
3.64883,101.5535,UMTS,1
3.09023,101.71501,LTE,4
3.56261,102.5525,GSM,1
2.43289,103.83617,UMTS,2
3.31584,101.53774,GSM,3
6.09085,102.27644,UMTS,2
3.01231,101.80893,LTE,1
5.71884,100.5422,UMTS,1
2.21581,102.19139,UMTS,1
2.08203,102.60136,UMTS,1
4.48212,101.08003,GSM,1
3.10086,101.67183,UMTS,3
1.55711,103.79813,UMTS,4
6.16032,102.30048,GSM,1
3.08496,101.69682,LTE,6
3.51288,102.13715,UMTS,1
4.3499,101.23283,LTE,1
2.20304,102.24916,UMTS,7
3.94485,102.35763,UMTS,4
3.03485,101.41234,UMTS,2
1.57448,110.33638,UMTS,1
1.50207,103.39348,GSM,1
3.01891,101.56297,UMTS,1
3.60283,101.52283,UMTS,3
3.3007,101.60225,GSM,1
4.59503,101.14426,LTE,1
